customer_id,store_id,first_name,last_name,email,address_id,active,create_date,last_update
1,1,MARY,SMITH,MARY.SMITH@sakilacustomer.org,5,true,2006-02-14T22:04:36.000+05:30,2006-02-15T04:57:20.000+05:30
2,1,PATRICIA,JOHNSON,PATRICIA.JOHNSON@sakilacustomer.org,6,true,2006-02-14T22:04:36.000+05:30,2006-02-15T04:57:20.000+05:30
3,1,LINDA,WILLIAMS,LINDA.WILLIAMS@sakilacustomer.org,7,true,2006-02-14T22:04:36.000+05:30,2006-02-15T04:57:20.000+05:30
4,2,BARBARA,JONES,BARBARA.JONES@sakilacustomer.org,8,true,2006-02-14T22:04:36.000+05:30,2006-02-15T04:57:20.000+05:30
5,1,ELIZABETH,BROWN,ELIZABETH.BROWN@sakilacustomer.org,9,true,2006-02-14T22:04:36.000+05:30,2006-02-15T04:57:20.000+05:30
6,2,JENNIFER,DAVIS,JENNIFER.DAVIS@sakilacustomer.org,10,true,2006-02-14T22:04:36.000+05:30,2006-02-15T04:57:20.000+05:30
7,1,MARIA,MILLER,MARIA.MILLER@sakilacustomer.org,11,true,2006-02-14T22:04:36.000+05:30,2006-02-15T04:57:20.000+05:30
8,2,SUSAN,WILSON,SUSAN.WILSON@sakilacustomer.org,12,true,2006-02-14T22:04:36.000+05:30,2006-02-15T04:57:20.000+05:30
9,2,MARGARET,MOORE,MARGARET.MOORE@sakilacustomer.org,13,true,2006-02-14T22:04:36.000+05:30,2006-02-15T04:57:20.000+05:30
10,1,DOROTHY,TAYLOR,DOROTHY.TAYLOR@sakilacustomer.org,14,true,2006-02-14T22:04:36.000+05:30,2006-02-15T04:57:20.000+05:30
11,2,LISA,ANDERSON,LISA.ANDERSON@sakilacustomer.org,15,true,2006-02-14T22:04:36.000+05:30,2006-02-15T04:57:20.000+05:30
12,1,NANCY,THOMAS,NANCY.THOMAS@sakilacustomer.org,16,true,2006-02-14T22:04:36.000+05:30,2006-02-15T04:57:20.000+05:30
13,2,KAREN,JACKSON,KAREN.JACKSON@sakilacustomer.org,17,true,2006-02-14T22:04:36.000+05:30,2006-02-15T04:57:20.000+05:30
14,2,BETTY,WHITE,BETTY.WHITE@sakilacustomer.org,18,true,2006-02-14T22:04:36.000+05:30,2006-02-15T04:57:20.000+05:30
15,1,HELEN,HARRIS,HELEN.HARRIS@sakilacustomer.org,19,true,2006-02-14T22:04:36.000+05:30,2006-02-15T04:57:20.000+05:30
16,2,SANDRA,MARTIN,SANDRA.MARTIN@sakilacustomer.org,20,false,2006-02-14T22:04:36.000+05:30,2006-02-15T04:57:20.000+05:30
17,1,DONNA,THOMPSON,DONNA.THOMPSON@sakilacustomer.org,21,true,2006-02-14T22:04:36.000+05:30,2006-02-15T04:57:20.000+05:30
18,2,CAROL,GARCIA,CAROL.GARCIA@sakilacustomer.org,22,true,2006-02-14T22:04:36.000+05:30,2006-02-15T04:57:20.000+05:30
19,1,RUTH,MARTINEZ,RUTH.MARTINEZ@sakilacustomer.org,23,true,2006-02-14T22:04:36.000+05:30,2006-02-15T04:57:20.000+05:30
20,2,SHARON,ROBINSON,SHARON.ROBINSON@sakilacustomer.org,24,true,2006-02-14T22:04:36.000+05:30,2006-02-15T04:57:20.000+05:30
21,1,MICHELLE,CLARK,MICHELLE.CLARK@sakilacustomer.org,25,true,2006-02-14T22:04:36.000+05:30,2006-02-15T04:57:20.000+05:30
22,1,LAURA,RODRIGUEZ,LAURA.RODRIGUEZ@sakilacustomer.org,26,true,2006-02-14T22:04:36.000+05:30,2006-02-15T04:57:20.000+05:30
23,2,SARAH,LEWIS,SARAH.LEWIS@sakilacustomer.org,27,true,2006-02-14T22:04:36.000+05:30,2006-02-15T04:57:20.000+05:30
24,2,KIMBERLY,LEE,KIMBERLY.LEE@sakilacustomer.org,28,true,2006-02-14T22:04:36.000+05:30,2006-02-15T04:57:20.000+05:30
25,1,DEBORAH,WALKER,DEBORAH.WALKER@sakilacustomer.org,29,true,2006-02-14T22:04:36.000+05:30,2006-02-15T04:57:20.000+05:30
26,2,JESSICA,HALL,JESSICA.HALL@sakilacustomer.org,30,true,2006-02-14T22:04:36.000+05:30,2006-02-15T04:57:20.000+05:30
27,2,SHIRLEY,ALLEN,SHIRLEY.ALLEN@sakilacustomer.org,31,true,2006-02-14T22:04:36.000+05:30,2006-02-15T04:57:20.000+05:30
28,1,CYNTHIA,YOUNG,CYNTHIA.YOUNG@sakilacustomer.org,32,true,2006-02-14T22:04:36.000+05:30,2006-02-15T04:57:20.000+05:30
29,2,ANGELA,HERNANDEZ,ANGELA.HERNANDEZ@sakilacustomer.org,33,true,2006-02-14T22:04:36.000+05:30,2006-02-15T04:57:20.000+05:30
30,1,MELISSA,KING,MELISSA.KING@sakilacustomer.org,34,true,2006-02-14T22:04:36.000+05:30,2006-02-15T04:57:20.000+05:30
31,2,BRENDA,WRIGHT,BRENDA.WRIGHT@sakilacustomer.org,35,true,2006-02-14T22:04:36.000+05:30,2006-02-15T04:57:20.000+05:30
32,1,AMY,LOPEZ,AMY.LOPEZ@sakilacustomer.org,36,true,2006-02-14T22:04:36.000+05:30,2006-02-15T04:57:20.000+05:30
33,2,ANNA,HILL,ANNA.HILL@sakilacustomer.org,37,true,2006-02-14T22:04:36.000+05:30,2006-02-15T04:57:20.000+05:30
34,2,REBECCA,SCOTT,REBECCA.SCOTT@sakilacustomer.org,38,true,2006-02-14T22:04:36.000+05:30,2006-02-15T04:57:20.000+05:30
35,2,VIRGINIA,GREEN,VIRGINIA.GREEN@sakilacustomer.org,39,true,2006-02-14T22:04:36.000+05:30,2006-02-15T04:57:20.000+05:30
36,2,KATHLEEN,ADAMS,KATHLEEN.ADAMS@sakilacustomer.org,40,true,2006-02-14T22:04:36.000+05:30,2006-02-15T04:57:20.000+05:30
37,1,PAMELA,BAKER,PAMELA.BAKER@sakilacustomer.org,41,true,2006-02-14T22:04:36.000+05:30,2006-02-15T04:57:20.000+05:30
38,1,MARTHA,GONZALEZ,MARTHA.GONZALEZ@sakilacustomer.org,42,true,2006-02-14T22:04:36.000+05:30,2006-02-15T04:57:20.000+05:30
39,1,DEBRA,NELSON,DEBRA.NELSON@sakilacustomer.org,43,true,2006-02-14T22:04:36.000+05:30,2006-02-15T04:57:20.000+05:30
40,2,AMANDA,CARTER,AMANDA.CARTER@sakilacustomer.org,44,true,2006-02-14T22:04:36.000+05:30,2006-02-15T04:57:20.000+05:30
41,1,STEPHANIE,MITCHELL,STEPHANIE.MITCHELL@sakilacustomer.org,45,true,2006-02-14T22:04:36.000+05:30,2006-02-15T04:57:20.000+05:30
42,2,CAROLYN,PEREZ,CAROLYN.PEREZ@sakilacustomer.org,46,true,2006-02-14T22:04:36.000+05:30,2006-02-15T04:57:20.000+05:30
43,2,CHRISTINE,ROBERTS,CHRISTINE.ROBERTS@sakilacustomer.org,47,true,2006-02-14T22:04:36.000+05:30,2006-02-15T04:57:20.000+05:30
44,1,MARIE,TURNER,MARIE.TURNER@sakilacustomer.org,48,true,2006-02-14T22:04:36.000+05:30,2006-02-15T04:57:20.000+05:30
45,1,JANET,PHILLIPS,JANET.PHILLIPS@sakilacustomer.org,49,true,2006-02-14T22:04:36.000+05:30,2006-02-15T04:57:20.000+05:30
46,2,CATHERINE,CAMPBELL,CATHERINE.CAMPBELL@sakilacustomer.org,50,true,2006-02-14T22:04:36.000+05:30,2006-02-15T04:57:20.000+05:30
47,1,FRANCES,PARKER,FRANCES.PARKER@sakilacustomer.org,51,true,2006-02-14T22:04:36.000+05:30,2006-02-15T04:57:20.000+05:30
48,1,ANN,EVANS,ANN.EVANS@sakilacustomer.org,52,true,2006-02-14T22:04:36.000+05:30,2006-02-15T04:57:20.000+05:30
49,2,JOYCE,EDWARDS,JOYCE.EDWARDS@sakilacustomer.org,53,true,2006-02-14T22:04:36.000+05:30,2006-02-15T04:57:20.000+05:30
50,1,DIANE,COLLINS,DIANE.COLLINS@sakilacustomer.org,54,true,2006-02-14T22:04:36.000+05:30,2006-02-15T04:57:20.000+05:30
51,1,ALICE,STEWART,ALICE.STEWART@sakilacustomer.org,55,true,2006-02-14T22:04:36.000+05:30,2006-02-15T04:57:20.000+05:30
52,1,JULIE,SANCHEZ,JULIE.SANCHEZ@sakilacustomer.org,56,true,2006-02-14T22:04:36.000+05:30,2006-02-15T04:57:20.000+05:30
53,1,HEATHER,MORRIS,HEATHER.MORRIS@sakilacustomer.org,57,true,2006-02-14T22:04:36.000+05:30,2006-02-15T04:57:20.000+05:30
54,1,TERESA,ROGERS,TERESA.ROGERS@sakilacustomer.org,58,true,2006-02-14T22:04:36.000+05:30,2006-02-15T04:57:20.000+05:30
55,2,DORIS,REED,DORIS.REED@sakilacustomer.org,59,true,2006-02-14T22:04:36.000+05:30,2006-02-15T04:57:20.000+05:30
56,1,GLORIA,COOK,GLORIA.COOK@sakilacustomer.org,60,true,2006-02-14T22:04:36.000+05:30,2006-02-15T04:57:20.000+05:30
57,2,EVELYN,MORGAN,EVELYN.MORGAN@sakilacustomer.org,61,true,2006-02-14T22:04:36.000+05:30,2006-02-15T04:57:20.000+05:30
58,1,JEAN,BELL,JEAN.BELL@sakilacustomer.org,62,true,2006-02-14T22:04:36.000+05:30,2006-02-15T04:57:20.000+05:30
59,1,CHERYL,MURPHY,CHERYL.MURPHY@sakilacustomer.org,63,true,2006-02-14T22:04:36.000+05:30,2006-02-15T04:57:20.000+05:30
60,1,MILDRED,BAILEY,MILDRED.BAILEY@sakilacustomer.org,64,true,2006-02-14T22:04:36.000+05:30,2006-02-15T04:57:20.000+05:30
61,2,KATHERINE,RIVERA,KATHERINE.RIVERA@sakilacustomer.org,65,true,2006-02-14T22:04:36.000+05:30,2006-02-15T04:57:20.000+05:30
62,1,JOAN,COOPER,JOAN.COOPER@sakilacustomer.org,66,true,2006-02-14T22:04:36.000+05:30,2006-02-15T04:57:20.000+05:30
63,1,ASHLEY,RICHARDSON,ASHLEY.RICHARDSON@sakilacustomer.org,67,true,2006-02-14T22:04:36.000+05:30,2006-02-15T04:57:20.000+05:30
64,2,JUDITH,COX,JUDITH.COX@sakilacustomer.org,68,false,2006-02-14T22:04:36.000+05:30,2006-02-15T04:57:20.000+05:30
65,2,ROSE,HOWARD,ROSE.HOWARD@sakilacustomer.org,69,true,2006-02-14T22:04:36.000+05:30,2006-02-15T04:57:20.000+05:30
66,2,JANICE,WARD,JANICE.WARD@sakilacustomer.org,70,true,2006-02-14T22:04:36.000+05:30,2006-02-15T04:57:20.000+05:30
67,1,KELLY,TORRES,KELLY.TORRES@sakilacustomer.org,71,true,2006-02-14T22:04:36.000+05:30,2006-02-15T04:57:20.000+05:30
68,1,NICOLE,PETERSON,NICOLE.PETERSON@sakilacustomer.org,72,true,2006-02-14T22:04:36.000+05:30,2006-02-15T04:57:20.000+05:30
69,2,JUDY,GRAY,JUDY.GRAY@sakilacustomer.org,73,true,2006-02-14T22:04:36.000+05:30,2006-02-15T04:57:20.000+05:30
70,2,CHRISTINA,RAMIREZ,CHRISTINA.RAMIREZ@sakilacustomer.org,74,true,2006-02-14T22:04:36.000+05:30,2006-02-15T04:57:20.000+05:30
71,1,KATHY,JAMES,KATHY.JAMES@sakilacustomer.org,75,true,2006-02-14T22:04:36.000+05:30,2006-02-15T04:57:20.000+05:30
72,2,THERESA,WATSON,THERESA.WATSON@sakilacustomer.org,76,true,2006-02-14T22:04:36.000+05:30,2006-02-15T04:57:20.000+05:30
73,2,BEVERLY,BROOKS,BEVERLY.BROOKS@sakilacustomer.org,77,true,2006-02-14T22:04:36.000+05:30,2006-02-15T04:57:20.000+05:30
74,1,DENISE,KELLY,DENISE.KELLY@sakilacustomer.org,78,true,2006-02-14T22:04:36.000+05:30,2006-02-15T04:57:20.000+05:30
75,2,TAMMY,SANDERS,TAMMY.SANDERS@sakilacustomer.org,79,true,2006-02-14T22:04:36.000+05:30,2006-02-15T04:57:20.000+05:30
76,2,IRENE,PRICE,IRENE.PRICE@sakilacustomer.org,80,true,2006-02-14T22:04:36.000+05:30,2006-02-15T04:57:20.000+05:30
77,2,JANE,BENNETT,JANE.BENNETT@sakilacustomer.org,81,true,2006-02-14T22:04:36.000+05:30,2006-02-15T04:57:20.000+05:30
78,1,LORI,WOOD,LORI.WOOD@sakilacustomer.org,82,true,2006-02-14T22:04:36.000+05:30,2006-02-15T04:57:20.000+05:30
79,1,RACHEL,BARNES,RACHEL.BARNES@sakilacustomer.org,83,true,2006-02-14T22:04:36.000+05:30,2006-02-15T04:57:20.000+05:30
80,1,MARILYN,ROSS,MARILYN.ROSS@sakilacustomer.org,84,true,2006-02-14T22:04:36.000+05:30,2006-02-15T04:57:20.000+05:30
81,1,ANDREA,HENDERSON,ANDREA.HENDERSON@sakilacustomer.org,85,true,2006-02-14T22:04:36.000+05:30,2006-02-15T04:57:20.000+05:30
82,1,KATHRYN,COLEMAN,KATHRYN.COLEMAN@sakilacustomer.org,86,true,2006-02-14T22:04:36.000+05:30,2006-02-15T04:57:20.000+05:30
83,1,LOUISE,JENKINS,LOUISE.JENKINS@sakilacustomer.org,87,true,2006-02-14T22:04:36.000+05:30,2006-02-15T04:57:20.000+05:30
84,2,SARA,PERRY,SARA.PERRY@sakilacustomer.org,88,true,2006-02-14T22:04:36.000+05:30,2006-02-15T04:57:20.000+05:30
85,2,ANNE,POWELL,ANNE.POWELL@sakilacustomer.org,89,true,2006-02-14T22:04:36.000+05:30,2006-02-15T04:57:20.000+05:30
86,2,JACQUELINE,LONG,JACQUELINE.LONG@sakilacustomer.org,90,true,2006-02-14T22:04:36.000+05:30,2006-02-15T04:57:20.000+05:30
87,1,WANDA,PATTERSON,WANDA.PATTERSON@sakilacustomer.org,91,true,2006-02-14T22:04:36.000+05:30,2006-02-15T04:57:20.000+05:30
88,2,BONNIE,HUGHES,BONNIE.HUGHES@sakilacustomer.org,92,true,2006-02-14T22:04:36.000+05:30,2006-02-15T04:57:20.000+05:30
89,1,JULIA,FLORES,JULIA.FLORES@sakilacustomer.org,93,true,2006-02-14T22:04:36.000+05:30,2006-02-15T04:57:20.000+05:30
90,2,RUBY,WASHINGTON,RUBY.WASHINGTON@sakilacustomer.org,94,true,2006-02-14T22:04:36.000+05:30,2006-02-15T04:57:20.000+05:30
91,2,LOIS,BUTLER,LOIS.BUTLER@sakilacustomer.org,95,true,2006-02-14T22:04:36.000+05:30,2006-02-15T04:57:20.000+05:30
92,2,TINA,SIMMONS,TINA.SIMMONS@sakilacustomer.org,96,true,2006-02-14T22:04:36.000+05:30,2006-02-15T04:57:20.000+05:30
93,1,PHYLLIS,FOSTER,PHYLLIS.FOSTER@sakilacustomer.org,97,true,2006-02-14T22:04:36.000+05:30,2006-02-15T04:57:20.000+05:30
94,1,NORMA,GONZALES,NORMA.GONZALES@sakilacustomer.org,98,true,2006-02-14T22:04:36.000+05:30,2006-02-15T04:57:20.000+05:30
95,2,PAULA,BRYANT,PAULA.BRYANT@sakilacustomer.org,99,true,2006-02-14T22:04:36.000+05:30,2006-02-15T04:57:20.000+05:30
96,1,DIANA,ALEXANDER,DIANA.ALEXANDER@sakilacustomer.org,100,true,2006-02-14T22:04:36.000+05:30,2006-02-15T04:57:20.000+05:30
97,2,ANNIE,RUSSELL,ANNIE.RUSSELL@sakilacustomer.org,101,true,2006-02-14T22:04:36.000+05:30,2006-02-15T04:57:20.000+05:30
98,1,LILLIAN,GRIFFIN,LILLIAN.GRIFFIN@sakilacustomer.org,102,true,2006-02-14T22:04:36.000+05:30,2006-02-15T04:57:20.000+05:30
99,2,EMILY,DIAZ,EMILY.DIAZ@sakilacustomer.org,103,true,2006-02-14T22:04:36.000+05:30,2006-02-15T04:57:20.000+05:30
100,1,ROBIN,HAYES,ROBIN.HAYES@sakilacustomer.org,104,true,2006-02-14T22:04:36.000+05:30,2006-02-15T04:57:20.000+05:30
101,1,PEGGY,MYERS,PEGGY.MYERS@sakilacustomer.org,105,true,2006-02-14T22:04:36.000+05:30,2006-02-15T04:57:20.000+05:30
102,1,CRYSTAL,FORD,CRYSTAL.FORD@sakilacustomer.org,106,true,2006-02-14T22:04:36.000+05:30,2006-02-15T04:57:20.000+05:30
103,1,GLADYS,HAMILTON,GLADYS.HAMILTON@sakilacustomer.org,107,true,2006-02-14T22:04:36.000+05:30,2006-02-15T04:57:20.000+05:30
104,1,RITA,GRAHAM,RITA.GRAHAM@sakilacustomer.org,108,true,2006-02-14T22:04:36.000+05:30,2006-02-15T04:57:20.000+05:30
105,1,DAWN,SULLIVAN,DAWN.SULLIVAN@sakilacustomer.org,109,true,2006-02-14T22:04:36.000+05:30,2006-02-15T04:57:20.000+05:30
106,1,CONNIE,WALLACE,CONNIE.WALLACE@sakilacustomer.org,110,true,2006-02-14T22:04:36.000+05:30,2006-02-15T04:57:20.000+05:30
107,1,FLORENCE,WOODS,FLORENCE.WOODS@sakilacustomer.org,111,true,2006-02-14T22:04:36.000+05:30,2006-02-15T04:57:20.000+05:30
108,1,TRACY,COLE,TRACY.COLE@sakilacustomer.org,112,true,2006-02-14T22:04:36.000+05:30,2006-02-15T04:57:20.000+05:30
109,2,EDNA,WEST,EDNA.WEST@sakilacustomer.org,113,true,2006-02-14T22:04:36.000+05:30,2006-02-15T04:57:20.000+05:30
110,2,TIFFANY,JORDAN,TIFFANY.JORDAN@sakilacustomer.org,114,true,2006-02-14T22:04:36.000+05:30,2006-02-15T04:57:20.000+05:30
111,1,CARMEN,OWENS,CARMEN.OWENS@sakilacustomer.org,115,true,2006-02-14T22:04:36.000+05:30,2006-02-15T04:57:20.000+05:30
112,2,ROSA,REYNOLDS,ROSA.REYNOLDS@sakilacustomer.org,116,true,2006-02-14T22:04:36.000+05:30,2006-02-15T04:57:20.000+05:30
113,2,CINDY,FISHER,CINDY.FISHER@sakilacustomer.org,117,true,2006-02-14T22:04:36.000+05:30,2006-02-15T04:57:20.000+05:30
114,2,GRACE,ELLIS,GRACE.ELLIS@sakilacustomer.org,118,true,2006-02-14T22:04:36.000+05:30,2006-02-15T04:57:20.000+05:30
115,1,WENDY,HARRISON,WENDY.HARRISON@sakilacustomer.org,119,true,2006-02-14T22:04:36.000+05:30,2006-02-15T04:57:20.000+05:30
116,1,VICTORIA,GIBSON,VICTORIA.GIBSON@sakilacustomer.org,120,true,2006-02-14T22:04:36.000+05:30,2006-02-15T04:57:20.000+05:30
117,1,EDITH,MCDONALD,EDITH.MCDONALD@sakilacustomer.org,121,true,2006-02-14T22:04:36.000+05:30,2006-02-15T04:57:20.000+05:30
118,1,KIM,CRUZ,KIM.CRUZ@sakilacustomer.org,122,true,2006-02-14T22:04:36.000+05:30,2006-02-15T04:57:20.000+05:30
119,1,SHERRY,MARSHALL,SHERRY.MARSHALL@sakilacustomer.org,123,true,2006-02-14T22:04:36.000+05:30,2006-02-15T04:57:20.000+05:30
120,2,SYLVIA,ORTIZ,SYLVIA.ORTIZ@sakilacustomer.org,124,true,2006-02-14T22:04:36.000+05:30,2006-02-15T04:57:20.000+05:30
121,1,JOSEPHINE,GOMEZ,JOSEPHINE.GOMEZ@sakilacustomer.org,125,true,2006-02-14T22:04:36.000+05:30,2006-02-15T04:57:20.000+05:30
122,1,THELMA,MURRAY,THELMA.MURRAY@sakilacustomer.org,126,true,2006-02-14T22:04:36.000+05:30,2006-02-15T04:57:20.000+05:30
123,2,SHANNON,FREEMAN,SHANNON.FREEMAN@sakilacustomer.org,127,true,2006-02-14T22:04:36.000+05:30,2006-02-15T04:57:20.000+05:30
124,1,SHEILA,WELLS,SHEILA.WELLS@sakilacustomer.org,128,false,2006-02-14T22:04:36.000+05:30,2006-02-15T04:57:20.000+05:30
125,1,ETHEL,WEBB,ETHEL.WEBB@sakilacustomer.org,129,true,2006-02-14T22:04:36.000+05:30,2006-02-15T04:57:20.000+05:30
126,1,ELLEN,SIMPSON,ELLEN.SIMPSON@sakilacustomer.org,130,true,2006-02-14T22:04:36.000+05:30,2006-02-15T04:57:20.000+05:30
127,2,ELAINE,STEVENS,ELAINE.STEVENS@sakilacustomer.org,131,true,2006-02-14T22:04:36.000+05:30,2006-02-15T04:57:20.000+05:30
128,1,MARJORIE,TUCKER,MARJORIE.TUCKER@sakilacustomer.org,132,true,2006-02-14T22:04:36.000+05:30,2006-02-15T04:57:20.000+05:30
129,1,CARRIE,PORTER,CARRIE.PORTER@sakilacustomer.org,133,true,2006-02-14T22:04:36.000+05:30,2006-02-15T04:57:20.000+05:30
130,1,CHARLOTTE,HUNTER,CHARLOTTE.HUNTER@sakilacustomer.org,134,true,2006-02-14T22:04:36.000+05:30,2006-02-15T04:57:20.000+05:30
131,2,MONICA,HICKS,MONICA.HICKS@sakilacustomer.org,135,true,2006-02-14T22:04:36.000+05:30,2006-02-15T04:57:20.000+05:30
132,2,ESTHER,CRAWFORD,ESTHER.CRAWFORD@sakilacustomer.org,136,true,2006-02-14T22:04:36.000+05:30,2006-02-15T04:57:20.000+05:30
133,1,PAULINE,HENRY,PAULINE.HENRY@sakilacustomer.org,137,true,2006-02-14T22:04:36.000+05:30,2006-02-15T04:57:20.000+05:30
134,1,EMMA,BOYD,EMMA.BOYD@sakilacustomer.org,138,true,2006-02-14T22:04:36.000+05:30,2006-02-15T04:57:20.000+05:30
135,2,JUANITA,MASON,JUANITA.MASON@sakilacustomer.org,139,true,2006-02-14T22:04:36.000+05:30,2006-02-15T04:57:20.000+05:30
136,2,ANITA,MORALES,ANITA.MORALES@sakilacustomer.org,140,true,2006-02-14T22:04:36.000+05:30,2006-02-15T04:57:20.000+05:30
137,2,RHONDA,KENNEDY,RHONDA.KENNEDY@sakilacustomer.org,141,true,2006-02-14T22:04:36.000+05:30,2006-02-15T04:57:20.000+05:30
138,1,HAZEL,WARREN,HAZEL.WARREN@sakilacustomer.org,142,true,2006-02-14T22:04:36.000+05:30,2006-02-15T04:57:20.000+05:30
139,1,AMBER,DIXON,AMBER.DIXON@sakilacustomer.org,143,true,2006-02-14T22:04:36.000+05:30,2006-02-15T04:57:20.000+05:30
140,1,EVA,RAMOS,EVA.RAMOS@sakilacustomer.org,144,true,2006-02-14T22:04:36.000+05:30,2006-02-15T04:57:20.000+05:30
141,1,DEBBIE,REYES,DEBBIE.REYES@sakilacustomer.org,145,true,2006-02-14T22:04:36.000+05:30,2006-02-15T04:57:20.000+05:30
142,1,APRIL,BURNS,APRIL.BURNS@sakilacustomer.org,146,true,2006-02-14T22:04:36.000+05:30,2006-02-15T04:57:20.000+05:30
143,1,LESLIE,GORDON,LESLIE.GORDON@sakilacustomer.org,147,true,2006-02-14T22:04:36.000+05:30,2006-02-15T04:57:20.000+05:30
144,1,CLARA,SHAW,CLARA.SHAW@sakilacustomer.org,148,true,2006-02-14T22:04:36.000+05:30,2006-02-15T04:57:20.000+05:30
145,1,LUCILLE,HOLMES,LUCILLE.HOLMES@sakilacustomer.org,149,true,2006-02-14T22:04:36.000+05:30,2006-02-15T04:57:20.000+05:30
146,1,JAMIE,RICE,JAMIE.RICE@sakilacustomer.org,150,true,2006-02-14T22:04:36.000+05:30,2006-02-15T04:57:20.000+05:30
147,2,JOANNE,ROBERTSON,JOANNE.ROBERTSON@sakilacustomer.org,151,true,2006-02-14T22:04:36.000+05:30,2006-02-15T04:57:20.000+05:30
148,1,ELEANOR,HUNT,ELEANOR.HUNT@sakilacustomer.org,152,true,2006-02-14T22:04:36.000+05:30,2006-02-15T04:57:20.000+05:30
149,1,VALERIE,BLACK,VALERIE.BLACK@sakilacustomer.org,153,true,2006-02-14T22:04:36.000+05:30,2006-02-15T04:57:20.000+05:30
150,2,DANIELLE,DANIELS,DANIELLE.DANIELS@sakilacustomer.org,154,true,2006-02-14T22:04:36.000+05:30,2006-02-15T04:57:20.000+05:30
151,2,MEGAN,PALMER,MEGAN.PALMER@sakilacustomer.org,155,true,2006-02-14T22:04:36.000+05:30,2006-02-15T04:57:20.000+05:30
152,1,ALICIA,MILLS,ALICIA.MILLS@sakilacustomer.org,156,true,2006-02-14T22:04:36.000+05:30,2006-02-15T04:57:20.000+05:30
153,2,SUZANNE,NICHOLS,SUZANNE.NICHOLS@sakilacustomer.org,157,true,2006-02-14T22:04:36.000+05:30,2006-02-15T04:57:20.000+05:30
154,2,MICHELE,GRANT,MICHELE.GRANT@sakilacustomer.org,158,true,2006-02-14T22:04:36.000+05:30,2006-02-15T04:57:20.000+05:30
155,1,GAIL,KNIGHT,GAIL.KNIGHT@sakilacustomer.org,159,true,2006-02-14T22:04:36.000+05:30,2006-02-15T04:57:20.000+05:30
156,1,BERTHA,FERGUSON,BERTHA.FERGUSON@sakilacustomer.org,160,true,2006-02-14T22:04:36.000+05:30,2006-02-15T04:57:20.000+05:30
157,2,DARLENE,ROSE,DARLENE.ROSE@sakilacustomer.org,161,true,2006-02-14T22:04:36.000+05:30,2006-02-15T04:57:20.000+05:30
158,1,VERONICA,STONE,VERONICA.STONE@sakilacustomer.org,162,true,2006-02-14T22:04:36.000+05:30,2006-02-15T04:57:20.000+05:30
159,1,JILL,HAWKINS,JILL.HAWKINS@sakilacustomer.org,163,true,2006-02-14T22:04:36.000+05:30,2006-02-15T04:57:20.000+05:30
160,2,ERIN,DUNN,ERIN.DUNN@sakilacustomer.org,164,true,2006-02-14T22:04:36.000+05:30,2006-02-15T04:57:20.000+05:30
161,1,GERALDINE,PERKINS,GERALDINE.PERKINS@sakilacustomer.org,165,true,2006-02-14T22:04:36.000+05:30,2006-02-15T04:57:20.000+05:30
162,2,LAUREN,HUDSON,LAUREN.HUDSON@sakilacustomer.org,166,true,2006-02-14T22:04:36.000+05:30,2006-02-15T04:57:20.000+05:30
163,1,CATHY,SPENCER,CATHY.SPENCER@sakilacustomer.org,167,true,2006-02-14T22:04:36.000+05:30,2006-02-15T04:57:20.000+05:30
164,2,JOANN,GARDNER,JOANN.GARDNER@sakilacustomer.org,168,true,2006-02-14T22:04:36.000+05:30,2006-02-15T04:57:20.000+05:30
165,2,LORRAINE,STEPHENS,LORRAINE.STEPHENS@sakilacustomer.org,169,true,2006-02-14T22:04:36.000+05:30,2006-02-15T04:57:20.000+05:30
166,1,LYNN,PAYNE,LYNN.PAYNE@sakilacustomer.org,170,true,2006-02-14T22:04:36.000+05:30,2006-02-15T04:57:20.000+05:30
167,2,SALLY,PIERCE,SALLY.PIERCE@sakilacustomer.org,171,true,2006-02-14T22:04:36.000+05:30,2006-02-15T04:57:20.000+05:30
168,1,REGINA,BERRY,REGINA.BERRY@sakilacustomer.org,172,true,2006-02-14T22:04:36.000+05:30,2006-02-15T04:57:20.000+05:30
169,2,ERICA,MATTHEWS,ERICA.MATTHEWS@sakilacustomer.org,173,false,2006-02-14T22:04:36.000+05:30,2006-02-15T04:57:20.000+05:30
170,1,BEATRICE,ARNOLD,BEATRICE.ARNOLD@sakilacustomer.org,174,true,2006-02-14T22:04:36.000+05:30,2006-02-15T04:57:20.000+05:30
171,2,DOLORES,WAGNER,DOLORES.WAGNER@sakilacustomer.org,175,true,2006-02-14T22:04:36.000+05:30,2006-02-15T04:57:20.000+05:30
172,1,BERNICE,WILLIS,BERNICE.WILLIS@sakilacustomer.org,176,true,2006-02-14T22:04:36.000+05:30,2006-02-15T04:57:20.000+05:30
173,1,AUDREY,RAY,AUDREY.RAY@sakilacustomer.org,177,true,2006-02-14T22:04:36.000+05:30,2006-02-15T04:57:20.000+05:30
174,2,YVONNE,WATKINS,YVONNE.WATKINS@sakilacustomer.org,178,true,2006-02-14T22:04:36.000+05:30,2006-02-15T04:57:20.000+05:30
175,1,ANNETTE,OLSON,ANNETTE.OLSON@sakilacustomer.org,179,true,2006-02-14T22:04:36.000+05:30,2006-02-15T04:57:20.000+05:30
176,1,JUNE,CARROLL,JUNE.CARROLL@sakilacustomer.org,180,true,2006-02-14T22:04:36.000+05:30,2006-02-15T04:57:20.000+05:30
177,2,SAMANTHA,DUNCAN,SAMANTHA.DUNCAN@sakilacustomer.org,181,true,2006-02-14T22:04:36.000+05:30,2006-02-15T04:57:20.000+05:30
178,2,MARION,SNYDER,MARION.SNYDER@sakilacustomer.org,182,true,2006-02-14T22:04:36.000+05:30,2006-02-15T04:57:20.000+05:30
179,1,DANA,HART,DANA.HART@sakilacustomer.org,183,true,2006-02-14T22:04:36.000+05:30,2006-02-15T04:57:20.000+05:30
180,2,STACY,CUNNINGHAM,STACY.CUNNINGHAM@sakilacustomer.org,184,true,2006-02-14T22:04:36.000+05:30,2006-02-15T04:57:20.000+05:30
181,2,ANA,BRADLEY,ANA.BRADLEY@sakilacustomer.org,185,true,2006-02-14T22:04:36.000+05:30,2006-02-15T04:57:20.000+05:30
182,1,RENEE,LANE,RENEE.LANE@sakilacustomer.org,186,true,2006-02-14T22:04:36.000+05:30,2006-02-15T04:57:20.000+05:30
183,2,IDA,ANDREWS,IDA.ANDREWS@sakilacustomer.org,187,true,2006-02-14T22:04:36.000+05:30,2006-02-15T04:57:20.000+05:30
184,1,VIVIAN,RUIZ,VIVIAN.RUIZ@sakilacustomer.org,188,true,2006-02-14T22:04:36.000+05:30,2006-02-15T04:57:20.000+05:30
185,1,ROBERTA,HARPER,ROBERTA.HARPER@sakilacustomer.org,189,true,2006-02-14T22:04:36.000+05:30,2006-02-15T04:57:20.000+05:30
186,2,HOLLY,FOX,HOLLY.FOX@sakilacustomer.org,190,true,2006-02-14T22:04:36.000+05:30,2006-02-15T04:57:20.000+05:30
187,2,BRITTANY,RILEY,BRITTANY.RILEY@sakilacustomer.org,191,true,2006-02-14T22:04:36.000+05:30,2006-02-15T04:57:20.000+05:30
188,1,MELANIE,ARMSTRONG,MELANIE.ARMSTRONG@sakilacustomer.org,192,true,2006-02-14T22:04:36.000+05:30,2006-02-15T04:57:20.000+05:30
189,1,LORETTA,CARPENTER,LORETTA.CARPENTER@sakilacustomer.org,193,true,2006-02-14T22:04:36.000+05:30,2006-02-15T04:57:20.000+05:30
190,2,YOLANDA,WEAVER,YOLANDA.WEAVER@sakilacustomer.org,194,true,2006-02-14T22:04:36.000+05:30,2006-02-15T04:57:20.000+05:30
191,1,JEANETTE,GREENE,JEANETTE.GREENE@sakilacustomer.org,195,true,2006-02-14T22:04:36.000+05:30,2006-02-15T04:57:20.000+05:30
192,1,LAURIE,LAWRENCE,LAURIE.LAWRENCE@sakilacustomer.org,196,true,2006-02-14T22:04:36.000+05:30,2006-02-15T04:57:20.000+05:30
193,2,KATIE,ELLIOTT,KATIE.ELLIOTT@sakilacustomer.org,197,true,2006-02-14T22:04:36.000+05:30,2006-02-15T04:57:20.000+05:30
194,2,KRISTEN,CHAVEZ,KRISTEN.CHAVEZ@sakilacustomer.org,198,true,2006-02-14T22:04:36.000+05:30,2006-02-15T04:57:20.000+05:30
195,1,VANESSA,SIMS,VANESSA.SIMS@sakilacustomer.org,199,true,2006-02-14T22:04:36.000+05:30,2006-02-15T04:57:20.000+05:30
196,1,ALMA,AUSTIN,ALMA.AUSTIN@sakilacustomer.org,200,true,2006-02-14T22:04:36.000+05:30,2006-02-15T04:57:20.000+05:30
197,2,SUE,PETERS,SUE.PETERS@sakilacustomer.org,201,true,2006-02-14T22:04:36.000+05:30,2006-02-15T04:57:20.000+05:30
198,2,ELSIE,KELLEY,ELSIE.KELLEY@sakilacustomer.org,202,true,2006-02-14T22:04:36.000+05:30,2006-02-15T04:57:20.000+05:30
199,2,BETH,FRANKLIN,BETH.FRANKLIN@sakilacustomer.org,203,true,2006-02-14T22:04:36.000+05:30,2006-02-15T04:57:20.000+05:30
200,2,JEANNE,LAWSON,JEANNE.LAWSON@sakilacustomer.org,204,true,2006-02-14T22:04:36.000+05:30,2006-02-15T04:57:20.000+05:30
201,1,VICKI,FIELDS,VICKI.FIELDS@sakilacustomer.org,205,true,2006-02-14T22:04:36.000+05:30,2006-02-15T04:57:20.000+05:30
202,2,CARLA,GUTIERREZ,CARLA.GUTIERREZ@sakilacustomer.org,206,true,2006-02-14T22:04:36.000+05:30,2006-02-15T04:57:20.000+05:30
203,1,TARA,RYAN,TARA.RYAN@sakilacustomer.org,207,true,2006-02-14T22:04:36.000+05:30,2006-02-15T04:57:20.000+05:30
204,1,ROSEMARY,SCHMIDT,ROSEMARY.SCHMIDT@sakilacustomer.org,208,true,2006-02-14T22:04:36.000+05:30,2006-02-15T04:57:20.000+05:30
205,2,EILEEN,CARR,EILEEN.CARR@sakilacustomer.org,209,true,2006-02-14T22:04:36.000+05:30,2006-02-15T04:57:20.000+05:30
206,1,TERRI,VASQUEZ,TERRI.VASQUEZ@sakilacustomer.org,210,true,2006-02-14T22:04:36.000+05:30,2006-02-15T04:57:20.000+05:30
207,1,GERTRUDE,CASTILLO,GERTRUDE.CASTILLO@sakilacustomer.org,211,true,2006-02-14T22:04:36.000+05:30,2006-02-15T04:57:20.000+05:30
208,1,LUCY,WHEELER,LUCY.WHEELER@sakilacustomer.org,212,true,2006-02-14T22:04:36.000+05:30,2006-02-15T04:57:20.000+05:30
209,2,TONYA,CHAPMAN,TONYA.CHAPMAN@sakilacustomer.org,213,true,2006-02-14T22:04:36.000+05:30,2006-02-15T04:57:20.000+05:30
210,2,ELLA,OLIVER,ELLA.OLIVER@sakilacustomer.org,214,true,2006-02-14T22:04:36.000+05:30,2006-02-15T04:57:20.000+05:30
211,1,STACEY,MONTGOMERY,STACEY.MONTGOMERY@sakilacustomer.org,215,true,2006-02-14T22:04:36.000+05:30,2006-02-15T04:57:20.000+05:30
212,2,WILMA,RICHARDS,WILMA.RICHARDS@sakilacustomer.org,216,true,2006-02-14T22:04:36.000+05:30,2006-02-15T04:57:20.000+05:30
213,1,GINA,WILLIAMSON,GINA.WILLIAMSON@sakilacustomer.org,217,true,2006-02-14T22:04:36.000+05:30,2006-02-15T04:57:20.000+05:30
214,1,KRISTIN,JOHNSTON,KRISTIN.JOHNSTON@sakilacustomer.org,218,true,2006-02-14T22:04:36.000+05:30,2006-02-15T04:57:20.000+05:30
215,2,JESSIE,BANKS,JESSIE.BANKS@sakilacustomer.org,219,true,2006-02-14T22:04:36.000+05:30,2006-02-15T04:57:20.000+05:30
216,1,NATALIE,MEYER,NATALIE.MEYER@sakilacustomer.org,220,true,2006-02-14T22:04:36.000+05:30,2006-02-15T04:57:20.000+05:30
217,2,AGNES,BISHOP,AGNES.BISHOP@sakilacustomer.org,221,true,2006-02-14T22:04:36.000+05:30,2006-02-15T04:57:20.000+05:30
218,1,VERA,MCCOY,VERA.MCCOY@sakilacustomer.org,222,true,2006-02-14T22:04:36.000+05:30,2006-02-15T04:57:20.000+05:30
219,2,WILLIE,HOWELL,WILLIE.HOWELL@sakilacustomer.org,223,true,2006-02-14T22:04:36.000+05:30,2006-02-15T04:57:20.000+05:30
220,2,CHARLENE,ALVAREZ,CHARLENE.ALVAREZ@sakilacustomer.org,224,true,2006-02-14T22:04:36.000+05:30,2006-02-15T04:57:20.000+05:30
221,1,BESSIE,MORRISON,BESSIE.MORRISON@sakilacustomer.org,225,true,2006-02-14T22:04:36.000+05:30,2006-02-15T04:57:20.000+05:30
222,2,DELORES,HANSEN,DELORES.HANSEN@sakilacustomer.org,226,true,2006-02-14T22:04:36.000+05:30,2006-02-15T04:57:20.000+05:30
223,1,MELINDA,FERNANDEZ,MELINDA.FERNANDEZ@sakilacustomer.org,227,true,2006-02-14T22:04:36.000+05:30,2006-02-15T04:57:20.000+05:30
224,2,PEARL,GARZA,PEARL.GARZA@sakilacustomer.org,228,true,2006-02-14T22:04:36.000+05:30,2006-02-15T04:57:20.000+05:30
225,1,ARLENE,HARVEY,ARLENE.HARVEY@sakilacustomer.org,229,true,2006-02-14T22:04:36.000+05:30,2006-02-15T04:57:20.000+05:30
226,2,MAUREEN,LITTLE,MAUREEN.LITTLE@sakilacustomer.org,230,true,2006-02-14T22:04:36.000+05:30,2006-02-15T04:57:20.000+05:30
227,1,COLLEEN,BURTON,COLLEEN.BURTON@sakilacustomer.org,231,true,2006-02-14T22:04:36.000+05:30,2006-02-15T04:57:20.000+05:30
228,2,ALLISON,STANLEY,ALLISON.STANLEY@sakilacustomer.org,232,true,2006-02-14T22:04:36.000+05:30,2006-02-15T04:57:20.000+05:30
229,1,TAMARA,NGUYEN,TAMARA.NGUYEN@sakilacustomer.org,233,true,2006-02-14T22:04:36.000+05:30,2006-02-15T04:57:20.000+05:30
230,2,JOY,GEORGE,JOY.GEORGE@sakilacustomer.org,234,true,2006-02-14T22:04:36.000+05:30,2006-02-15T04:57:20.000+05:30
231,1,GEORGIA,JACOBS,GEORGIA.JACOBS@sakilacustomer.org,235,true,2006-02-14T22:04:36.000+05:30,2006-02-15T04:57:20.000+05:30
232,2,CONSTANCE,REID,CONSTANCE.REID@sakilacustomer.org,236,true,2006-02-14T22:04:36.000+05:30,2006-02-15T04:57:20.000+05:30
233,2,LILLIE,KIM,LILLIE.KIM@sakilacustomer.org,237,true,2006-02-14T22:04:36.000+05:30,2006-02-15T04:57:20.000+05:30
234,1,CLAUDIA,FULLER,CLAUDIA.FULLER@sakilacustomer.org,238,true,2006-02-14T22:04:36.000+05:30,2006-02-15T04:57:20.000+05:30
235,1,JACKIE,LYNCH,JACKIE.LYNCH@sakilacustomer.org,239,true,2006-02-14T22:04:36.000+05:30,2006-02-15T04:57:20.000+05:30
236,1,MARCIA,DEAN,MARCIA.DEAN@sakilacustomer.org,240,true,2006-02-14T22:04:36.000+05:30,2006-02-15T04:57:20.000+05:30
237,1,TANYA,GILBERT,TANYA.GILBERT@sakilacustomer.org,241,true,2006-02-14T22:04:36.000+05:30,2006-02-15T04:57:20.000+05:30
238,1,NELLIE,GARRETT,NELLIE.GARRETT@sakilacustomer.org,242,true,2006-02-14T22:04:36.000+05:30,2006-02-15T04:57:20.000+05:30
239,2,MINNIE,ROMERO,MINNIE.ROMERO@sakilacustomer.org,243,true,2006-02-14T22:04:36.000+05:30,2006-02-15T04:57:20.000+05:30
240,1,MARLENE,WELCH,MARLENE.WELCH@sakilacustomer.org,244,true,2006-02-14T22:04:36.000+05:30,2006-02-15T04:57:20.000+05:30
241,2,HEIDI,LARSON,HEIDI.LARSON@sakilacustomer.org,245,false,2006-02-14T22:04:36.000+05:30,2006-02-15T04:57:20.000+05:30
242,1,GLENDA,FRAZIER,GLENDA.FRAZIER@sakilacustomer.org,246,true,2006-02-14T22:04:36.000+05:30,2006-02-15T04:57:20.000+05:30
243,1,LYDIA,BURKE,LYDIA.BURKE@sakilacustomer.org,247,true,2006-02-14T22:04:36.000+05:30,2006-02-15T04:57:20.000+05:30
244,2,VIOLA,HANSON,VIOLA.HANSON@sakilacustomer.org,248,true,2006-02-14T22:04:36.000+05:30,2006-02-15T04:57:20.000+05:30
245,1,COURTNEY,DAY,COURTNEY.DAY@sakilacustomer.org,249,true,2006-02-14T22:04:36.000+05:30,2006-02-15T04:57:20.000+05:30
246,1,MARIAN,MENDOZA,MARIAN.MENDOZA@sakilacustomer.org,250,true,2006-02-14T22:04:36.000+05:30,2006-02-15T04:57:20.000+05:30
247,1,STELLA,MORENO,STELLA.MORENO@sakilacustomer.org,251,true,2006-02-14T22:04:36.000+05:30,2006-02-15T04:57:20.000+05:30
248,1,CAROLINE,BOWMAN,CAROLINE.BOWMAN@sakilacustomer.org,252,true,2006-02-14T22:04:36.000+05:30,2006-02-15T04:57:20.000+05:30
249,2,DORA,MEDINA,DORA.MEDINA@sakilacustomer.org,253,true,2006-02-14T22:04:36.000+05:30,2006-02-15T04:57:20.000+05:30
250,2,JO,FOWLER,JO.FOWLER@sakilacustomer.org,254,true,2006-02-14T22:04:36.000+05:30,2006-02-15T04:57:20.000+05:30
251,2,VICKIE,BREWER,VICKIE.BREWER@sakilacustomer.org,255,true,2006-02-14T22:04:36.000+05:30,2006-02-15T04:57:20.000+05:30
252,2,MATTIE,HOFFMAN,MATTIE.HOFFMAN@sakilacustomer.org,256,true,2006-02-14T22:04:36.000+05:30,2006-02-15T04:57:20.000+05:30
253,1,TERRY,CARLSON,TERRY.CARLSON@sakilacustomer.org,258,true,2006-02-14T22:04:36.000+05:30,2006-02-15T04:57:20.000+05:30
254,2,MAXINE,SILVA,MAXINE.SILVA@sakilacustomer.org,259,true,2006-02-14T22:04:36.000+05:30,2006-02-15T04:57:20.000+05:30
255,2,IRMA,PEARSON,IRMA.PEARSON@sakilacustomer.org,260,true,2006-02-14T22:04:36.000+05:30,2006-02-15T04:57:20.000+05:30
256,2,MABEL,HOLLAND,MABEL.HOLLAND@sakilacustomer.org,261,true,2006-02-14T22:04:36.000+05:30,2006-02-15T04:57:20.000+05:30
257,2,MARSHA,DOUGLAS,MARSHA.DOUGLAS@sakilacustomer.org,262,true,2006-02-14T22:04:36.000+05:30,2006-02-15T04:57:20.000+05:30
258,1,MYRTLE,FLEMING,MYRTLE.FLEMING@sakilacustomer.org,263,true,2006-02-14T22:04:36.000+05:30,2006-02-15T04:57:20.000+05:30
259,2,LENA,JENSEN,LENA.JENSEN@sakilacustomer.org,264,true,2006-02-14T22:04:36.000+05:30,2006-02-15T04:57:20.000+05:30
260,1,CHRISTY,VARGAS,CHRISTY.VARGAS@sakilacustomer.org,265,true,2006-02-14T22:04:36.000+05:30,2006-02-15T04:57:20.000+05:30
261,1,DEANNA,BYRD,DEANNA.BYRD@sakilacustomer.org,266,true,2006-02-14T22:04:36.000+05:30,2006-02-15T04:57:20.000+05:30
262,2,PATSY,DAVIDSON,PATSY.DAVIDSON@sakilacustomer.org,267,true,2006-02-14T22:04:36.000+05:30,2006-02-15T04:57:20.000+05:30
263,1,HILDA,HOPKINS,HILDA.HOPKINS@sakilacustomer.org,268,true,2006-02-14T22:04:36.000+05:30,2006-02-15T04:57:20.000+05:30
264,1,GWENDOLYN,MAY,GWENDOLYN.MAY@sakilacustomer.org,269,true,2006-02-14T22:04:36.000+05:30,2006-02-15T04:57:20.000+05:30
265,2,JENNIE,TERRY,JENNIE.TERRY@sakilacustomer.org,270,true,2006-02-14T22:04:36.000+05:30,2006-02-15T04:57:20.000+05:30
266,2,NORA,HERRERA,NORA.HERRERA@sakilacustomer.org,271,true,2006-02-14T22:04:36.000+05:30,2006-02-15T04:57:20.000+05:30
267,1,MARGIE,WADE,MARGIE.WADE@sakilacustomer.org,272,true,2006-02-14T22:04:36.000+05:30,2006-02-15T04:57:20.000+05:30
268,1,NINA,SOTO,NINA.SOTO@sakilacustomer.org,273,true,2006-02-14T22:04:36.000+05:30,2006-02-15T04:57:20.000+05:30
269,1,CASSANDRA,WALTERS,CASSANDRA.WALTERS@sakilacustomer.org,274,true,2006-02-14T22:04:36.000+05:30,2006-02-15T04:57:20.000+05:30
270,1,LEAH,CURTIS,LEAH.CURTIS@sakilacustomer.org,275,true,2006-02-14T22:04:36.000+05:30,2006-02-15T04:57:20.000+05:30
271,1,PENNY,NEAL,PENNY.NEAL@sakilacustomer.org,276,false,2006-02-14T22:04:36.000+05:30,2006-02-15T04:57:20.000+05:30
272,1,KAY,CALDWELL,KAY.CALDWELL@sakilacustomer.org,277,true,2006-02-14T22:04:37.000+05:30,2006-02-15T04:57:20.000+05:30
273,2,PRISCILLA,LOWE,PRISCILLA.LOWE@sakilacustomer.org,278,true,2006-02-14T22:04:37.000+05:30,2006-02-15T04:57:20.000+05:30
274,1,NAOMI,JENNINGS,NAOMI.JENNINGS@sakilacustomer.org,279,true,2006-02-14T22:04:37.000+05:30,2006-02-15T04:57:20.000+05:30
275,2,CAROLE,BARNETT,CAROLE.BARNETT@sakilacustomer.org,280,true,2006-02-14T22:04:37.000+05:30,2006-02-15T04:57:20.000+05:30
276,1,BRANDY,GRAVES,BRANDY.GRAVES@sakilacustomer.org,281,true,2006-02-14T22:04:37.000+05:30,2006-02-15T04:57:20.000+05:30
277,2,OLGA,JIMENEZ,OLGA.JIMENEZ@sakilacustomer.org,282,true,2006-02-14T22:04:37.000+05:30,2006-02-15T04:57:20.000+05:30
278,2,BILLIE,HORTON,BILLIE.HORTON@sakilacustomer.org,283,true,2006-02-14T22:04:37.000+05:30,2006-02-15T04:57:20.000+05:30
279,2,DIANNE,SHELTON,DIANNE.SHELTON@sakilacustomer.org,284,true,2006-02-14T22:04:37.000+05:30,2006-02-15T04:57:20.000+05:30
280,2,TRACEY,BARRETT,TRACEY.BARRETT@sakilacustomer.org,285,true,2006-02-14T22:04:37.000+05:30,2006-02-15T04:57:20.000+05:30
281,2,LEONA,OBRIEN,LEONA.OBRIEN@sakilacustomer.org,286,true,2006-02-14T22:04:37.000+05:30,2006-02-15T04:57:20.000+05:30
282,2,JENNY,CASTRO,JENNY.CASTRO@sakilacustomer.org,287,true,2006-02-14T22:04:37.000+05:30,2006-02-15T04:57:20.000+05:30
283,1,FELICIA,SUTTON,FELICIA.SUTTON@sakilacustomer.org,288,true,2006-02-14T22:04:37.000+05:30,2006-02-15T04:57:20.000+05:30
284,1,SONIA,GREGORY,SONIA.GREGORY@sakilacustomer.org,289,true,2006-02-14T22:04:37.000+05:30,2006-02-15T04:57:20.000+05:30
285,1,MIRIAM,MCKINNEY,MIRIAM.MCKINNEY@sakilacustomer.org,290,true,2006-02-14T22:04:37.000+05:30,2006-02-15T04:57:20.000+05:30
286,1,VELMA,LUCAS,VELMA.LUCAS@sakilacustomer.org,291,true,2006-02-14T22:04:37.000+05:30,2006-02-15T04:57:20.000+05:30
287,2,BECKY,MILES,BECKY.MILES@sakilacustomer.org,292,true,2006-02-14T22:04:37.000+05:30,2006-02-15T04:57:20.000+05:30
288,1,BOBBIE,CRAIG,BOBBIE.CRAIG@sakilacustomer.org,293,true,2006-02-14T22:04:37.000+05:30,2006-02-15T04:57:20.000+05:30
289,1,VIOLET,RODRIQUEZ,VIOLET.RODRIQUEZ@sakilacustomer.org,294,true,2006-02-14T22:04:37.000+05:30,2006-02-15T04:57:20.000+05:30
290,1,KRISTINA,CHAMBERS,KRISTINA.CHAMBERS@sakilacustomer.org,295,true,2006-02-14T22:04:37.000+05:30,2006-02-15T04:57:20.000+05:30
291,1,TONI,HOLT,TONI.HOLT@sakilacustomer.org,296,true,2006-02-14T22:04:37.000+05:30,2006-02-15T04:57:20.000+05:30
292,2,MISTY,LAMBERT,MISTY.LAMBERT@sakilacustomer.org,297,true,2006-02-14T22:04:37.000+05:30,2006-02-15T04:57:20.000+05:30
293,2,MAE,FLETCHER,MAE.FLETCHER@sakilacustomer.org,298,true,2006-02-14T22:04:37.000+05:30,2006-02-15T04:57:20.000+05:30
294,2,SHELLY,WATTS,SHELLY.WATTS@sakilacustomer.org,299,true,2006-02-14T22:04:37.000+05:30,2006-02-15T04:57:20.000+05:30
295,1,DAISY,BATES,DAISY.BATES@sakilacustomer.org,300,true,2006-02-14T22:04:37.000+05:30,2006-02-15T04:57:20.000+05:30
296,2,RAMONA,HALE,RAMONA.HALE@sakilacustomer.org,301,true,2006-02-14T22:04:37.000+05:30,2006-02-15T04:57:20.000+05:30
297,1,SHERRI,RHODES,SHERRI.RHODES@sakilacustomer.org,302,true,2006-02-14T22:04:37.000+05:30,2006-02-15T04:57:20.000+05:30
298,1,ERIKA,PENA,ERIKA.PENA@sakilacustomer.org,303,true,2006-02-14T22:04:37.000+05:30,2006-02-15T04:57:20.000+05:30
299,2,JAMES,GANNON,JAMES.GANNON@sakilacustomer.org,304,true,2006-02-14T22:04:37.000+05:30,2006-02-15T04:57:20.000+05:30
300,1,JOHN,FARNSWORTH,JOHN.FARNSWORTH@sakilacustomer.org,305,true,2006-02-14T22:04:37.000+05:30,2006-02-15T04:57:20.000+05:30
301,2,ROBERT,BAUGHMAN,ROBERT.BAUGHMAN@sakilacustomer.org,306,true,2006-02-14T22:04:37.000+05:30,2006-02-15T04:57:20.000+05:30
302,1,MICHAEL,SILVERMAN,MICHAEL.SILVERMAN@sakilacustomer.org,307,true,2006-02-14T22:04:37.000+05:30,2006-02-15T04:57:20.000+05:30
303,2,WILLIAM,SATTERFIELD,WILLIAM.SATTERFIELD@sakilacustomer.org,308,true,2006-02-14T22:04:37.000+05:30,2006-02-15T04:57:20.000+05:30
304,2,DAVID,ROYAL,DAVID.ROYAL@sakilacustomer.org,309,true,2006-02-14T22:04:37.000+05:30,2006-02-15T04:57:20.000+05:30
305,1,RICHARD,MCCRARY,RICHARD.MCCRARY@sakilacustomer.org,310,true,2006-02-14T22:04:37.000+05:30,2006-02-15T04:57:20.000+05:30
306,1,CHARLES,KOWALSKI,CHARLES.KOWALSKI@sakilacustomer.org,311,true,2006-02-14T22:04:37.000+05:30,2006-02-15T04:57:20.000+05:30
307,2,JOSEPH,JOY,JOSEPH.JOY@sakilacustomer.org,312,true,2006-02-14T22:04:37.000+05:30,2006-02-15T04:57:20.000+05:30
308,1,THOMAS,GRIGSBY,THOMAS.GRIGSBY@sakilacustomer.org,313,true,2006-02-14T22:04:37.000+05:30,2006-02-15T04:57:20.000+05:30
309,1,CHRISTOPHER,GRECO,CHRISTOPHER.GRECO@sakilacustomer.org,314,true,2006-02-14T22:04:37.000+05:30,2006-02-15T04:57:20.000+05:30
310,2,DANIEL,CABRAL,DANIEL.CABRAL@sakilacustomer.org,315,true,2006-02-14T22:04:37.000+05:30,2006-02-15T04:57:20.000+05:30
311,2,PAUL,TROUT,PAUL.TROUT@sakilacustomer.org,316,true,2006-02-14T22:04:37.000+05:30,2006-02-15T04:57:20.000+05:30
312,2,MARK,RINEHART,MARK.RINEHART@sakilacustomer.org,317,true,2006-02-14T22:04:37.000+05:30,2006-02-15T04:57:20.000+05:30
313,2,DONALD,MAHON,DONALD.MAHON@sakilacustomer.org,318,true,2006-02-14T22:04:37.000+05:30,2006-02-15T04:57:20.000+05:30
314,1,GEORGE,LINTON,GEORGE.LINTON@sakilacustomer.org,319,true,2006-02-14T22:04:37.000+05:30,2006-02-15T04:57:20.000+05:30
315,2,KENNETH,GOODEN,KENNETH.GOODEN@sakilacustomer.org,320,false,2006-02-14T22:04:37.000+05:30,2006-02-15T04:57:20.000+05:30
316,1,STEVEN,CURLEY,STEVEN.CURLEY@sakilacustomer.org,321,true,2006-02-14T22:04:37.000+05:30,2006-02-15T04:57:20.000+05:30
317,2,EDWARD,BAUGH,EDWARD.BAUGH@sakilacustomer.org,322,true,2006-02-14T22:04:37.000+05:30,2006-02-15T04:57:20.000+05:30
318,1,BRIAN,WYMAN,BRIAN.WYMAN@sakilacustomer.org,323,true,2006-02-14T22:04:37.000+05:30,2006-02-15T04:57:20.000+05:30
319,2,RONALD,WEINER,RONALD.WEINER@sakilacustomer.org,324,true,2006-02-14T22:04:37.000+05:30,2006-02-15T04:57:20.000+05:30
320,2,ANTHONY,SCHWAB,ANTHONY.SCHWAB@sakilacustomer.org,325,true,2006-02-14T22:04:37.000+05:30,2006-02-15T04:57:20.000+05:30
321,1,KEVIN,SCHULER,KEVIN.SCHULER@sakilacustomer.org,326,true,2006-02-14T22:04:37.000+05:30,2006-02-15T04:57:20.000+05:30
322,1,JASON,MORRISSEY,JASON.MORRISSEY@sakilacustomer.org,327,true,2006-02-14T22:04:37.000+05:30,2006-02-15T04:57:20.000+05:30
323,2,MATTHEW,MAHAN,MATTHEW.MAHAN@sakilacustomer.org,328,true,2006-02-14T22:04:37.000+05:30,2006-02-15T04:57:20.000+05:30
324,2,GARY,COY,GARY.COY@sakilacustomer.org,329,true,2006-02-14T22:04:37.000+05:30,2006-02-15T04:57:20.000+05:30
325,1,TIMOTHY,BUNN,TIMOTHY.BUNN@sakilacustomer.org,330,true,2006-02-14T22:04:37.000+05:30,2006-02-15T04:57:20.000+05:30
326,1,JOSE,ANDREW,JOSE.ANDREW@sakilacustomer.org,331,true,2006-02-14T22:04:37.000+05:30,2006-02-15T04:57:20.000+05:30
327,2,LARRY,THRASHER,LARRY.THRASHER@sakilacustomer.org,332,true,2006-02-14T22:04:37.000+05:30,2006-02-15T04:57:20.000+05:30
328,2,JEFFREY,SPEAR,JEFFREY.SPEAR@sakilacustomer.org,333,true,2006-02-14T22:04:37.000+05:30,2006-02-15T04:57:20.000+05:30
329,2,FRANK,WAGGONER,FRANK.WAGGONER@sakilacustomer.org,334,true,2006-02-14T22:04:37.000+05:30,2006-02-15T04:57:20.000+05:30
330,1,SCOTT,SHELLEY,SCOTT.SHELLEY@sakilacustomer.org,335,true,2006-02-14T22:04:37.000+05:30,2006-02-15T04:57:20.000+05:30
331,1,ERIC,ROBERT,ERIC.ROBERT@sakilacustomer.org,336,true,2006-02-14T22:04:37.000+05:30,2006-02-15T04:57:20.000+05:30
332,1,STEPHEN,QUALLS,STEPHEN.QUALLS@sakilacustomer.org,337,true,2006-02-14T22:04:37.000+05:30,2006-02-15T04:57:20.000+05:30
333,2,ANDREW,PURDY,ANDREW.PURDY@sakilacustomer.org,338,true,2006-02-14T22:04:37.000+05:30,2006-02-15T04:57:20.000+05:30
334,2,RAYMOND,MCWHORTER,RAYMOND.MCWHORTER@sakilacustomer.org,339,true,2006-02-14T22:04:37.000+05:30,2006-02-15T04:57:20.000+05:30
335,1,GREGORY,MAULDIN,GREGORY.MAULDIN@sakilacustomer.org,340,true,2006-02-14T22:04:37.000+05:30,2006-02-15T04:57:20.000+05:30
336,1,JOSHUA,MARK,JOSHUA.MARK@sakilacustomer.org,341,true,2006-02-14T22:04:37.000+05:30,2006-02-15T04:57:20.000+05:30
337,1,JERRY,JORDON,JERRY.JORDON@sakilacustomer.org,342,true,2006-02-14T22:04:37.000+05:30,2006-02-15T04:57:20.000+05:30
338,1,DENNIS,GILMAN,DENNIS.GILMAN@sakilacustomer.org,343,true,2006-02-14T22:04:37.000+05:30,2006-02-15T04:57:20.000+05:30
339,2,WALTER,PERRYMAN,WALTER.PERRYMAN@sakilacustomer.org,344,true,2006-02-14T22:04:37.000+05:30,2006-02-15T04:57:20.000+05:30
340,1,PATRICK,NEWSOM,PATRICK.NEWSOM@sakilacustomer.org,345,true,2006-02-14T22:04:37.000+05:30,2006-02-15T04:57:20.000+05:30
341,1,PETER,MENARD,PETER.MENARD@sakilacustomer.org,346,true,2006-02-14T22:04:37.000+05:30,2006-02-15T04:57:20.000+05:30
342,1,HAROLD,MARTINO,HAROLD.MARTINO@sakilacustomer.org,347,true,2006-02-14T22:04:37.000+05:30,2006-02-15T04:57:20.000+05:30
343,1,DOUGLAS,GRAF,DOUGLAS.GRAF@sakilacustomer.org,348,true,2006-02-14T22:04:37.000+05:30,2006-02-15T04:57:20.000+05:30
344,1,HENRY,BILLINGSLEY,HENRY.BILLINGSLEY@sakilacustomer.org,349,true,2006-02-14T22:04:37.000+05:30,2006-02-15T04:57:20.000+05:30
345,1,CARL,ARTIS,CARL.ARTIS@sakilacustomer.org,350,true,2006-02-14T22:04:37.000+05:30,2006-02-15T04:57:20.000+05:30
346,1,ARTHUR,SIMPKINS,ARTHUR.SIMPKINS@sakilacustomer.org,351,true,2006-02-14T22:04:37.000+05:30,2006-02-15T04:57:20.000+05:30
347,2,RYAN,SALISBURY,RYAN.SALISBURY@sakilacustomer.org,352,true,2006-02-14T22:04:37.000+05:30,2006-02-15T04:57:20.000+05:30
348,2,ROGER,QUINTANILLA,ROGER.QUINTANILLA@sakilacustomer.org,353,true,2006-02-14T22:04:37.000+05:30,2006-02-15T04:57:20.000+05:30
349,2,JOE,GILLILAND,JOE.GILLILAND@sakilacustomer.org,354,true,2006-02-14T22:04:37.000+05:30,2006-02-15T04:57:20.000+05:30
350,1,JUAN,FRALEY,JUAN.FRALEY@sakilacustomer.org,355,true,2006-02-14T22:04:37.000+05:30,2006-02-15T04:57:20.000+05:30
351,1,JACK,FOUST,JACK.FOUST@sakilacustomer.org,356,true,2006-02-14T22:04:37.000+05:30,2006-02-15T04:57:20.000+05:30
352,1,ALBERT,CROUSE,ALBERT.CROUSE@sakilacustomer.org,357,true,2006-02-14T22:04:37.000+05:30,2006-02-15T04:57:20.000+05:30
353,1,JONATHAN,SCARBOROUGH,JONATHAN.SCARBOROUGH@sakilacustomer.org,358,true,2006-02-14T22:04:37.000+05:30,2006-02-15T04:57:20.000+05:30
354,2,JUSTIN,NGO,JUSTIN.NGO@sakilacustomer.org,359,true,2006-02-14T22:04:37.000+05:30,2006-02-15T04:57:20.000+05:30
355,2,TERRY,GRISSOM,TERRY.GRISSOM@sakilacustomer.org,360,true,2006-02-14T22:04:37.000+05:30,2006-02-15T04:57:20.000+05:30
356,2,GERALD,FULTZ,GERALD.FULTZ@sakilacustomer.org,361,true,2006-02-14T22:04:37.000+05:30,2006-02-15T04:57:20.000+05:30
357,1,KEITH,RICO,KEITH.RICO@sakilacustomer.org,362,true,2006-02-14T22:04:37.000+05:30,2006-02-15T04:57:20.000+05:30
358,2,SAMUEL,MARLOW,SAMUEL.MARLOW@sakilacustomer.org,363,true,2006-02-14T22:04:37.000+05:30,2006-02-15T04:57:20.000+05:30
359,2,WILLIE,MARKHAM,WILLIE.MARKHAM@sakilacustomer.org,364,true,2006-02-14T22:04:37.000+05:30,2006-02-15T04:57:20.000+05:30
360,2,RALPH,MADRIGAL,RALPH.MADRIGAL@sakilacustomer.org,365,true,2006-02-14T22:04:37.000+05:30,2006-02-15T04:57:20.000+05:30
361,2,LAWRENCE,LAWTON,LAWRENCE.LAWTON@sakilacustomer.org,366,true,2006-02-14T22:04:37.000+05:30,2006-02-15T04:57:20.000+05:30
362,1,NICHOLAS,BARFIELD,NICHOLAS.BARFIELD@sakilacustomer.org,367,true,2006-02-14T22:04:37.000+05:30,2006-02-15T04:57:20.000+05:30
363,2,ROY,WHITING,ROY.WHITING@sakilacustomer.org,368,true,2006-02-14T22:04:37.000+05:30,2006-02-15T04:57:20.000+05:30
364,1,BENJAMIN,VARNEY,BENJAMIN.VARNEY@sakilacustomer.org,369,true,2006-02-14T22:04:37.000+05:30,2006-02-15T04:57:20.000+05:30
365,2,BRUCE,SCHWARZ,BRUCE.SCHWARZ@sakilacustomer.org,370,true,2006-02-14T22:04:37.000+05:30,2006-02-15T04:57:20.000+05:30
366,1,BRANDON,HUEY,BRANDON.HUEY@sakilacustomer.org,371,true,2006-02-14T22:04:37.000+05:30,2006-02-15T04:57:20.000+05:30
367,1,ADAM,GOOCH,ADAM.GOOCH@sakilacustomer.org,372,true,2006-02-14T22:04:37.000+05:30,2006-02-15T04:57:20.000+05:30
368,1,HARRY,ARCE,HARRY.ARCE@sakilacustomer.org,373,false,2006-02-14T22:04:37.000+05:30,2006-02-15T04:57:20.000+05:30
369,2,FRED,WHEAT,FRED.WHEAT@sakilacustomer.org,374,true,2006-02-14T22:04:37.000+05:30,2006-02-15T04:57:20.000+05:30
370,2,WAYNE,TRUONG,WAYNE.TRUONG@sakilacustomer.org,375,true,2006-02-14T22:04:37.000+05:30,2006-02-15T04:57:20.000+05:30
371,1,BILLY,POULIN,BILLY.POULIN@sakilacustomer.org,376,true,2006-02-14T22:04:37.000+05:30,2006-02-15T04:57:20.000+05:30
372,2,STEVE,MACKENZIE,STEVE.MACKENZIE@sakilacustomer.org,377,true,2006-02-14T22:04:37.000+05:30,2006-02-15T04:57:20.000+05:30
373,1,LOUIS,LEONE,LOUIS.LEONE@sakilacustomer.org,378,true,2006-02-14T22:04:37.000+05:30,2006-02-15T04:57:20.000+05:30
374,2,JEREMY,HURTADO,JEREMY.HURTADO@sakilacustomer.org,379,true,2006-02-14T22:04:37.000+05:30,2006-02-15T04:57:20.000+05:30
375,2,AARON,SELBY,AARON.SELBY@sakilacustomer.org,380,true,2006-02-14T22:04:37.000+05:30,2006-02-15T04:57:20.000+05:30
376,1,RANDY,GAITHER,RANDY.GAITHER@sakilacustomer.org,381,true,2006-02-14T22:04:37.000+05:30,2006-02-15T04:57:20.000+05:30
377,1,HOWARD,FORTNER,HOWARD.FORTNER@sakilacustomer.org,382,true,2006-02-14T22:04:37.000+05:30,2006-02-15T04:57:20.000+05:30
378,1,EUGENE,CULPEPPER,EUGENE.CULPEPPER@sakilacustomer.org,383,true,2006-02-14T22:04:37.000+05:30,2006-02-15T04:57:20.000+05:30
379,1,CARLOS,COUGHLIN,CARLOS.COUGHLIN@sakilacustomer.org,384,true,2006-02-14T22:04:37.000+05:30,2006-02-15T04:57:20.000+05:30
380,1,RUSSELL,BRINSON,RUSSELL.BRINSON@sakilacustomer.org,385,true,2006-02-14T22:04:37.000+05:30,2006-02-15T04:57:20.000+05:30
381,2,BOBBY,BOUDREAU,BOBBY.BOUDREAU@sakilacustomer.org,386,true,2006-02-14T22:04:37.000+05:30,2006-02-15T04:57:20.000+05:30
382,2,VICTOR,BARKLEY,VICTOR.BARKLEY@sakilacustomer.org,387,true,2006-02-14T22:04:37.000+05:30,2006-02-15T04:57:20.000+05:30
383,1,MARTIN,BALES,MARTIN.BALES@sakilacustomer.org,388,true,2006-02-14T22:04:37.000+05:30,2006-02-15T04:57:20.000+05:30
384,2,ERNEST,STEPP,ERNEST.STEPP@sakilacustomer.org,389,true,2006-02-14T22:04:37.000+05:30,2006-02-15T04:57:20.000+05:30
385,1,PHILLIP,HOLM,PHILLIP.HOLM@sakilacustomer.org,390,true,2006-02-14T22:04:37.000+05:30,2006-02-15T04:57:20.000+05:30
386,1,TODD,TAN,TODD.TAN@sakilacustomer.org,391,true,2006-02-14T22:04:37.000+05:30,2006-02-15T04:57:20.000+05:30
387,2,JESSE,SCHILLING,JESSE.SCHILLING@sakilacustomer.org,392,true,2006-02-14T22:04:37.000+05:30,2006-02-15T04:57:20.000+05:30
388,2,CRAIG,MORRELL,CRAIG.MORRELL@sakilacustomer.org,393,true,2006-02-14T22:04:37.000+05:30,2006-02-15T04:57:20.000+05:30
389,1,ALAN,KAHN,ALAN.KAHN@sakilacustomer.org,394,true,2006-02-14T22:04:37.000+05:30,2006-02-15T04:57:20.000+05:30
390,1,SHAWN,HEATON,SHAWN.HEATON@sakilacustomer.org,395,true,2006-02-14T22:04:37.000+05:30,2006-02-15T04:57:20.000+05:30
391,1,CLARENCE,GAMEZ,CLARENCE.GAMEZ@sakilacustomer.org,396,true,2006-02-14T22:04:37.000+05:30,2006-02-15T04:57:20.000+05:30
392,2,SEAN,DOUGLASS,SEAN.DOUGLASS@sakilacustomer.org,397,true,2006-02-14T22:04:37.000+05:30,2006-02-15T04:57:20.000+05:30
393,1,PHILIP,CAUSEY,PHILIP.CAUSEY@sakilacustomer.org,398,true,2006-02-14T22:04:37.000+05:30,2006-02-15T04:57:20.000+05:30
394,2,CHRIS,BROTHERS,CHRIS.BROTHERS@sakilacustomer.org,399,true,2006-02-14T22:04:37.000+05:30,2006-02-15T04:57:20.000+05:30
395,2,JOHNNY,TURPIN,JOHNNY.TURPIN@sakilacustomer.org,400,true,2006-02-14T22:04:37.000+05:30,2006-02-15T04:57:20.000+05:30
396,1,EARL,SHANKS,EARL.SHANKS@sakilacustomer.org,401,true,2006-02-14T22:04:37.000+05:30,2006-02-15T04:57:20.000+05:30
397,1,JIMMY,SCHRADER,JIMMY.SCHRADER@sakilacustomer.org,402,true,2006-02-14T22:04:37.000+05:30,2006-02-15T04:57:20.000+05:30
398,1,ANTONIO,MEEK,ANTONIO.MEEK@sakilacustomer.org,403,true,2006-02-14T22:04:37.000+05:30,2006-02-15T04:57:20.000+05:30
399,1,DANNY,ISOM,DANNY.ISOM@sakilacustomer.org,404,true,2006-02-14T22:04:37.000+05:30,2006-02-15T04:57:20.000+05:30
400,2,BRYAN,HARDISON,BRYAN.HARDISON@sakilacustomer.org,405,true,2006-02-14T22:04:37.000+05:30,2006-02-15T04:57:20.000+05:30
401,2,TONY,CARRANZA,TONY.CARRANZA@sakilacustomer.org,406,true,2006-02-14T22:04:37.000+05:30,2006-02-15T04:57:20.000+05:30
402,1,LUIS,YANEZ,LUIS.YANEZ@sakilacustomer.org,407,true,2006-02-14T22:04:37.000+05:30,2006-02-15T04:57:20.000+05:30
403,1,MIKE,WAY,MIKE.WAY@sakilacustomer.org,408,true,2006-02-14T22:04:37.000+05:30,2006-02-15T04:57:20.000+05:30
404,2,STANLEY,SCROGGINS,STANLEY.SCROGGINS@sakilacustomer.org,409,true,2006-02-14T22:04:37.000+05:30,2006-02-15T04:57:20.000+05:30
405,1,LEONARD,SCHOFIELD,LEONARD.SCHOFIELD@sakilacustomer.org,410,true,2006-02-14T22:04:37.000+05:30,2006-02-15T04:57:20.000+05:30
406,1,NATHAN,RUNYON,NATHAN.RUNYON@sakilacustomer.org,411,false,2006-02-14T22:04:37.000+05:30,2006-02-15T04:57:20.000+05:30
407,1,DALE,RATCLIFF,DALE.RATCLIFF@sakilacustomer.org,412,true,2006-02-14T22:04:37.000+05:30,2006-02-15T04:57:20.000+05:30
408,1,MANUEL,MURRELL,MANUEL.MURRELL@sakilacustomer.org,413,true,2006-02-14T22:04:37.000+05:30,2006-02-15T04:57:20.000+05:30
409,2,RODNEY,MOELLER,RODNEY.MOELLER@sakilacustomer.org,414,true,2006-02-14T22:04:37.000+05:30,2006-02-15T04:57:20.000+05:30
410,2,CURTIS,IRBY,CURTIS.IRBY@sakilacustomer.org,415,true,2006-02-14T22:04:37.000+05:30,2006-02-15T04:57:20.000+05:30
411,1,NORMAN,CURRIER,NORMAN.CURRIER@sakilacustomer.org,416,true,2006-02-14T22:04:37.000+05:30,2006-02-15T04:57:20.000+05:30
412,2,ALLEN,BUTTERFIELD,ALLEN.BUTTERFIELD@sakilacustomer.org,417,true,2006-02-14T22:04:37.000+05:30,2006-02-15T04:57:20.000+05:30
413,2,MARVIN,YEE,MARVIN.YEE@sakilacustomer.org,418,true,2006-02-14T22:04:37.000+05:30,2006-02-15T04:57:20.000+05:30
414,1,VINCENT,RALSTON,VINCENT.RALSTON@sakilacustomer.org,419,true,2006-02-14T22:04:37.000+05:30,2006-02-15T04:57:20.000+05:30
415,1,GLENN,PULLEN,GLENN.PULLEN@sakilacustomer.org,420,true,2006-02-14T22:04:37.000+05:30,2006-02-15T04:57:20.000+05:30
416,2,JEFFERY,PINSON,JEFFERY.PINSON@sakilacustomer.org,421,true,2006-02-14T22:04:37.000+05:30,2006-02-15T04:57:20.000+05:30
417,1,TRAVIS,ESTEP,TRAVIS.ESTEP@sakilacustomer.org,422,true,2006-02-14T22:04:37.000+05:30,2006-02-15T04:57:20.000+05:30
418,2,JEFF,EAST,JEFF.EAST@sakilacustomer.org,423,true,2006-02-14T22:04:37.000+05:30,2006-02-15T04:57:20.000+05:30
419,1,CHAD,CARBONE,CHAD.CARBONE@sakilacustomer.org,424,true,2006-02-14T22:04:37.000+05:30,2006-02-15T04:57:20.000+05:30
420,1,JACOB,LANCE,JACOB.LANCE@sakilacustomer.org,425,true,2006-02-14T22:04:37.000+05:30,2006-02-15T04:57:20.000+05:30
421,1,LEE,HAWKS,LEE.HAWKS@sakilacustomer.org,426,true,2006-02-14T22:04:37.000+05:30,2006-02-15T04:57:20.000+05:30
422,1,MELVIN,ELLINGTON,MELVIN.ELLINGTON@sakilacustomer.org,427,true,2006-02-14T22:04:37.000+05:30,2006-02-15T04:57:20.000+05:30
423,2,ALFRED,CASILLAS,ALFRED.CASILLAS@sakilacustomer.org,428,true,2006-02-14T22:04:37.000+05:30,2006-02-15T04:57:20.000+05:30
424,2,KYLE,SPURLOCK,KYLE.SPURLOCK@sakilacustomer.org,429,true,2006-02-14T22:04:37.000+05:30,2006-02-15T04:57:20.000+05:30
425,2,FRANCIS,SIKES,FRANCIS.SIKES@sakilacustomer.org,430,true,2006-02-14T22:04:37.000+05:30,2006-02-15T04:57:20.000+05:30
426,1,BRADLEY,MOTLEY,BRADLEY.MOTLEY@sakilacustomer.org,431,true,2006-02-14T22:04:37.000+05:30,2006-02-15T04:57:20.000+05:30
427,2,JESUS,MCCARTNEY,JESUS.MCCARTNEY@sakilacustomer.org,432,true,2006-02-14T22:04:37.000+05:30,2006-02-15T04:57:20.000+05:30
428,2,HERBERT,KRUGER,HERBERT.KRUGER@sakilacustomer.org,433,true,2006-02-14T22:04:37.000+05:30,2006-02-15T04:57:20.000+05:30
429,2,FREDERICK,ISBELL,FREDERICK.ISBELL@sakilacustomer.org,434,true,2006-02-14T22:04:37.000+05:30,2006-02-15T04:57:20.000+05:30
430,1,RAY,HOULE,RAY.HOULE@sakilacustomer.org,435,true,2006-02-14T22:04:37.000+05:30,2006-02-15T04:57:20.000+05:30
431,2,JOEL,FRANCISCO,JOEL.FRANCISCO@sakilacustomer.org,436,true,2006-02-14T22:04:37.000+05:30,2006-02-15T04:57:20.000+05:30
432,1,EDWIN,BURK,EDWIN.BURK@sakilacustomer.org,437,true,2006-02-14T22:04:37.000+05:30,2006-02-15T04:57:20.000+05:30
433,1,DON,BONE,DON.BONE@sakilacustomer.org,438,true,2006-02-14T22:04:37.000+05:30,2006-02-15T04:57:20.000+05:30
434,1,EDDIE,TOMLIN,EDDIE.TOMLIN@sakilacustomer.org,439,true,2006-02-14T22:04:37.000+05:30,2006-02-15T04:57:20.000+05:30
435,2,RICKY,SHELBY,RICKY.SHELBY@sakilacustomer.org,440,true,2006-02-14T22:04:37.000+05:30,2006-02-15T04:57:20.000+05:30
436,1,TROY,QUIGLEY,TROY.QUIGLEY@sakilacustomer.org,441,true,2006-02-14T22:04:37.000+05:30,2006-02-15T04:57:20.000+05:30
437,2,RANDALL,NEUMANN,RANDALL.NEUMANN@sakilacustomer.org,442,true,2006-02-14T22:04:37.000+05:30,2006-02-15T04:57:20.000+05:30
438,1,BARRY,LOVELACE,BARRY.LOVELACE@sakilacustomer.org,443,true,2006-02-14T22:04:37.000+05:30,2006-02-15T04:57:20.000+05:30
439,2,ALEXANDER,FENNELL,ALEXANDER.FENNELL@sakilacustomer.org,444,true,2006-02-14T22:04:37.000+05:30,2006-02-15T04:57:20.000+05:30
440,1,BERNARD,COLBY,BERNARD.COLBY@sakilacustomer.org,445,true,2006-02-14T22:04:37.000+05:30,2006-02-15T04:57:20.000+05:30
441,1,MARIO,CHEATHAM,MARIO.CHEATHAM@sakilacustomer.org,446,true,2006-02-14T22:04:37.000+05:30,2006-02-15T04:57:20.000+05:30
442,1,LEROY,BUSTAMANTE,LEROY.BUSTAMANTE@sakilacustomer.org,447,true,2006-02-14T22:04:37.000+05:30,2006-02-15T04:57:20.000+05:30
443,2,FRANCISCO,SKIDMORE,FRANCISCO.SKIDMORE@sakilacustomer.org,448,true,2006-02-14T22:04:37.000+05:30,2006-02-15T04:57:20.000+05:30
444,2,MARCUS,HIDALGO,MARCUS.HIDALGO@sakilacustomer.org,449,true,2006-02-14T22:04:37.000+05:30,2006-02-15T04:57:20.000+05:30
445,1,MICHEAL,FORMAN,MICHEAL.FORMAN@sakilacustomer.org,450,true,2006-02-14T22:04:37.000+05:30,2006-02-15T04:57:20.000+05:30
446,2,THEODORE,CULP,THEODORE.CULP@sakilacustomer.org,451,false,2006-02-14T22:04:37.000+05:30,2006-02-15T04:57:20.000+05:30
447,1,CLIFFORD,BOWENS,CLIFFORD.BOWENS@sakilacustomer.org,452,true,2006-02-14T22:04:37.000+05:30,2006-02-15T04:57:20.000+05:30
448,1,MIGUEL,BETANCOURT,MIGUEL.BETANCOURT@sakilacustomer.org,453,true,2006-02-14T22:04:37.000+05:30,2006-02-15T04:57:20.000+05:30
449,2,OSCAR,AQUINO,OSCAR.AQUINO@sakilacustomer.org,454,true,2006-02-14T22:04:37.000+05:30,2006-02-15T04:57:20.000+05:30
450,1,JAY,ROBB,JAY.ROBB@sakilacustomer.org,455,true,2006-02-14T22:04:37.000+05:30,2006-02-15T04:57:20.000+05:30
451,1,JIM,REA,JIM.REA@sakilacustomer.org,456,true,2006-02-14T22:04:37.000+05:30,2006-02-15T04:57:20.000+05:30
452,1,TOM,MILNER,TOM.MILNER@sakilacustomer.org,457,true,2006-02-14T22:04:37.000+05:30,2006-02-15T04:57:20.000+05:30
453,1,CALVIN,MARTEL,CALVIN.MARTEL@sakilacustomer.org,458,true,2006-02-14T22:04:37.000+05:30,2006-02-15T04:57:20.000+05:30
454,2,ALEX,GRESHAM,ALEX.GRESHAM@sakilacustomer.org,459,true,2006-02-14T22:04:37.000+05:30,2006-02-15T04:57:20.000+05:30
455,2,JON,WILES,JON.WILES@sakilacustomer.org,460,true,2006-02-14T22:04:37.000+05:30,2006-02-15T04:57:20.000+05:30
456,2,RONNIE,RICKETTS,RONNIE.RICKETTS@sakilacustomer.org,461,true,2006-02-14T22:04:37.000+05:30,2006-02-15T04:57:20.000+05:30
457,2,BILL,GAVIN,BILL.GAVIN@sakilacustomer.org,462,true,2006-02-14T22:04:37.000+05:30,2006-02-15T04:57:20.000+05:30
458,1,LLOYD,DOWD,LLOYD.DOWD@sakilacustomer.org,463,true,2006-02-14T22:04:37.000+05:30,2006-02-15T04:57:20.000+05:30
459,1,TOMMY,COLLAZO,TOMMY.COLLAZO@sakilacustomer.org,464,true,2006-02-14T22:04:37.000+05:30,2006-02-15T04:57:20.000+05:30
460,1,LEON,BOSTIC,LEON.BOSTIC@sakilacustomer.org,465,true,2006-02-14T22:04:37.000+05:30,2006-02-15T04:57:20.000+05:30
461,1,DEREK,BLAKELY,DEREK.BLAKELY@sakilacustomer.org,466,true,2006-02-14T22:04:37.000+05:30,2006-02-15T04:57:20.000+05:30
462,2,WARREN,SHERROD,WARREN.SHERROD@sakilacustomer.org,467,true,2006-02-14T22:04:37.000+05:30,2006-02-15T04:57:20.000+05:30
463,2,DARRELL,POWER,DARRELL.POWER@sakilacustomer.org,468,true,2006-02-14T22:04:37.000+05:30,2006-02-15T04:57:20.000+05:30
464,1,JEROME,KENYON,JEROME.KENYON@sakilacustomer.org,469,true,2006-02-14T22:04:37.000+05:30,2006-02-15T04:57:20.000+05:30
465,1,FLOYD,GANDY,FLOYD.GANDY@sakilacustomer.org,470,true,2006-02-14T22:04:37.000+05:30,2006-02-15T04:57:20.000+05:30
466,1,LEO,EBERT,LEO.EBERT@sakilacustomer.org,471,true,2006-02-14T22:04:37.000+05:30,2006-02-15T04:57:20.000+05:30
467,2,ALVIN,DELOACH,ALVIN.DELOACH@sakilacustomer.org,472,true,2006-02-14T22:04:37.000+05:30,2006-02-15T04:57:20.000+05:30
468,1,TIM,CARY,TIM.CARY@sakilacustomer.org,473,true,2006-02-14T22:04:37.000+05:30,2006-02-15T04:57:20.000+05:30
469,2,WESLEY,BULL,WESLEY.BULL@sakilacustomer.org,474,true,2006-02-14T22:04:37.000+05:30,2006-02-15T04:57:20.000+05:30
470,1,GORDON,ALLARD,GORDON.ALLARD@sakilacustomer.org,475,true,2006-02-14T22:04:37.000+05:30,2006-02-15T04:57:20.000+05:30
471,1,DEAN,SAUER,DEAN.SAUER@sakilacustomer.org,476,true,2006-02-14T22:04:37.000+05:30,2006-02-15T04:57:20.000+05:30
472,1,GREG,ROBINS,GREG.ROBINS@sakilacustomer.org,477,true,2006-02-14T22:04:37.000+05:30,2006-02-15T04:57:20.000+05:30
473,2,JORGE,OLIVARES,JORGE.OLIVARES@sakilacustomer.org,478,true,2006-02-14T22:04:37.000+05:30,2006-02-15T04:57:20.000+05:30
474,2,DUSTIN,GILLETTE,DUSTIN.GILLETTE@sakilacustomer.org,479,true,2006-02-14T22:04:37.000+05:30,2006-02-15T04:57:20.000+05:30
475,2,PEDRO,CHESTNUT,PEDRO.CHESTNUT@sakilacustomer.org,480,true,2006-02-14T22:04:37.000+05:30,2006-02-15T04:57:20.000+05:30
476,1,DERRICK,BOURQUE,DERRICK.BOURQUE@sakilacustomer.org,481,true,2006-02-14T22:04:37.000+05:30,2006-02-15T04:57:20.000+05:30
477,1,DAN,PAINE,DAN.PAINE@sakilacustomer.org,482,true,2006-02-14T22:04:37.000+05:30,2006-02-15T04:57:20.000+05:30
478,1,LEWIS,LYMAN,LEWIS.LYMAN@sakilacustomer.org,483,true,2006-02-14T22:04:37.000+05:30,2006-02-15T04:57:20.000+05:30
479,1,ZACHARY,HITE,ZACHARY.HITE@sakilacustomer.org,484,true,2006-02-14T22:04:37.000+05:30,2006-02-15T04:57:20.000+05:30
480,1,COREY,HAUSER,COREY.HAUSER@sakilacustomer.org,485,true,2006-02-14T22:04:37.000+05:30,2006-02-15T04:57:20.000+05:30
481,1,HERMAN,DEVORE,HERMAN.DEVORE@sakilacustomer.org,486,true,2006-02-14T22:04:37.000+05:30,2006-02-15T04:57:20.000+05:30
482,1,MAURICE,CRAWLEY,MAURICE.CRAWLEY@sakilacustomer.org,487,false,2006-02-14T22:04:37.000+05:30,2006-02-15T04:57:20.000+05:30
483,2,VERNON,CHAPA,VERNON.CHAPA@sakilacustomer.org,488,true,2006-02-14T22:04:37.000+05:30,2006-02-15T04:57:20.000+05:30
484,1,ROBERTO,VU,ROBERTO.VU@sakilacustomer.org,489,true,2006-02-14T22:04:37.000+05:30,2006-02-15T04:57:20.000+05:30
485,1,CLYDE,TOBIAS,CLYDE.TOBIAS@sakilacustomer.org,490,true,2006-02-14T22:04:37.000+05:30,2006-02-15T04:57:20.000+05:30
486,1,GLEN,TALBERT,GLEN.TALBERT@sakilacustomer.org,491,true,2006-02-14T22:04:37.000+05:30,2006-02-15T04:57:20.000+05:30
487,2,HECTOR,POINDEXTER,HECTOR.POINDEXTER@sakilacustomer.org,492,true,2006-02-14T22:04:37.000+05:30,2006-02-15T04:57:20.000+05:30
488,2,SHANE,MILLARD,SHANE.MILLARD@sakilacustomer.org,493,true,2006-02-14T22:04:37.000+05:30,2006-02-15T04:57:20.000+05:30
489,1,RICARDO,MEADOR,RICARDO.MEADOR@sakilacustomer.org,494,true,2006-02-14T22:04:37.000+05:30,2006-02-15T04:57:20.000+05:30
490,1,SAM,MCDUFFIE,SAM.MCDUFFIE@sakilacustomer.org,495,true,2006-02-14T22:04:37.000+05:30,2006-02-15T04:57:20.000+05:30
491,2,RICK,MATTOX,RICK.MATTOX@sakilacustomer.org,496,true,2006-02-14T22:04:37.000+05:30,2006-02-15T04:57:20.000+05:30
492,2,LESTER,KRAUS,LESTER.KRAUS@sakilacustomer.org,497,true,2006-02-14T22:04:37.000+05:30,2006-02-15T04:57:20.000+05:30
493,1,BRENT,HARKINS,BRENT.HARKINS@sakilacustomer.org,498,true,2006-02-14T22:04:37.000+05:30,2006-02-15T04:57:20.000+05:30
494,2,RAMON,CHOATE,RAMON.CHOATE@sakilacustomer.org,499,true,2006-02-14T22:04:37.000+05:30,2006-02-15T04:57:20.000+05:30
495,2,CHARLIE,BESS,CHARLIE.BESS@sakilacustomer.org,500,true,2006-02-14T22:04:37.000+05:30,2006-02-15T04:57:20.000+05:30
496,2,TYLER,WREN,TYLER.WREN@sakilacustomer.org,501,true,2006-02-14T22:04:37.000+05:30,2006-02-15T04:57:20.000+05:30
497,2,GILBERT,SLEDGE,GILBERT.SLEDGE@sakilacustomer.org,502,true,2006-02-14T22:04:37.000+05:30,2006-02-15T04:57:20.000+05:30
498,1,GENE,SANBORN,GENE.SANBORN@sakilacustomer.org,503,true,2006-02-14T22:04:37.000+05:30,2006-02-15T04:57:20.000+05:30
499,2,MARC,OUTLAW,MARC.OUTLAW@sakilacustomer.org,504,true,2006-02-14T22:04:37.000+05:30,2006-02-15T04:57:20.000+05:30
500,1,REGINALD,KINDER,REGINALD.KINDER@sakilacustomer.org,505,true,2006-02-14T22:04:37.000+05:30,2006-02-15T04:57:20.000+05:30
501,1,RUBEN,GEARY,RUBEN.GEARY@sakilacustomer.org,506,true,2006-02-14T22:04:37.000+05:30,2006-02-15T04:57:20.000+05:30
502,1,BRETT,CORNWELL,BRETT.CORNWELL@sakilacustomer.org,507,true,2006-02-14T22:04:37.000+05:30,2006-02-15T04:57:20.000+05:30
503,1,ANGEL,BARCLAY,ANGEL.BARCLAY@sakilacustomer.org,508,true,2006-02-14T22:04:37.000+05:30,2006-02-15T04:57:20.000+05:30
504,1,NATHANIEL,ADAM,NATHANIEL.ADAM@sakilacustomer.org,509,true,2006-02-14T22:04:37.000+05:30,2006-02-15T04:57:20.000+05:30
505,1,RAFAEL,ABNEY,RAFAEL.ABNEY@sakilacustomer.org,510,true,2006-02-14T22:04:37.000+05:30,2006-02-15T04:57:20.000+05:30
506,2,LESLIE,SEWARD,LESLIE.SEWARD@sakilacustomer.org,511,true,2006-02-14T22:04:37.000+05:30,2006-02-15T04:57:20.000+05:30
507,2,EDGAR,RHOADS,EDGAR.RHOADS@sakilacustomer.org,512,true,2006-02-14T22:04:37.000+05:30,2006-02-15T04:57:20.000+05:30
508,2,MILTON,HOWLAND,MILTON.HOWLAND@sakilacustomer.org,513,true,2006-02-14T22:04:37.000+05:30,2006-02-15T04:57:20.000+05:30
509,1,RAUL,FORTIER,RAUL.FORTIER@sakilacustomer.org,514,true,2006-02-14T22:04:37.000+05:30,2006-02-15T04:57:20.000+05:30
510,2,BEN,EASTER,BEN.EASTER@sakilacustomer.org,515,false,2006-02-14T22:04:37.000+05:30,2006-02-15T04:57:20.000+05:30
511,1,CHESTER,BENNER,CHESTER.BENNER@sakilacustomer.org,516,true,2006-02-14T22:04:37.000+05:30,2006-02-15T04:57:20.000+05:30
512,1,CECIL,VINES,CECIL.VINES@sakilacustomer.org,517,true,2006-02-14T22:04:37.000+05:30,2006-02-15T04:57:20.000+05:30
513,2,DUANE,TUBBS,DUANE.TUBBS@sakilacustomer.org,519,true,2006-02-14T22:04:37.000+05:30,2006-02-15T04:57:20.000+05:30
514,2,FRANKLIN,TROUTMAN,FRANKLIN.TROUTMAN@sakilacustomer.org,520,true,2006-02-14T22:04:37.000+05:30,2006-02-15T04:57:20.000+05:30
515,1,ANDRE,RAPP,ANDRE.RAPP@sakilacustomer.org,521,true,2006-02-14T22:04:37.000+05:30,2006-02-15T04:57:20.000+05:30
516,2,ELMER,NOE,ELMER.NOE@sakilacustomer.org,522,true,2006-02-14T22:04:37.000+05:30,2006-02-15T04:57:20.000+05:30
517,2,BRAD,MCCURDY,BRAD.MCCURDY@sakilacustomer.org,523,true,2006-02-14T22:04:37.000+05:30,2006-02-15T04:57:20.000+05:30
518,1,GABRIEL,HARDER,GABRIEL.HARDER@sakilacustomer.org,524,true,2006-02-14T22:04:37.000+05:30,2006-02-15T04:57:20.000+05:30
519,2,RON,DELUCA,RON.DELUCA@sakilacustomer.org,525,true,2006-02-14T22:04:37.000+05:30,2006-02-15T04:57:20.000+05:30
520,2,MITCHELL,WESTMORELAND,MITCHELL.WESTMORELAND@sakilacustomer.org,526,true,2006-02-14T22:04:37.000+05:30,2006-02-15T04:57:20.000+05:30
521,2,ROLAND,SOUTH,ROLAND.SOUTH@sakilacustomer.org,527,true,2006-02-14T22:04:37.000+05:30,2006-02-15T04:57:20.000+05:30
522,2,ARNOLD,HAVENS,ARNOLD.HAVENS@sakilacustomer.org,528,true,2006-02-14T22:04:37.000+05:30,2006-02-15T04:57:20.000+05:30
523,1,HARVEY,GUAJARDO,HARVEY.GUAJARDO@sakilacustomer.org,529,true,2006-02-14T22:04:37.000+05:30,2006-02-15T04:57:20.000+05:30
524,1,JARED,ELY,JARED.ELY@sakilacustomer.org,530,true,2006-02-14T22:04:37.000+05:30,2006-02-15T04:57:20.000+05:30
525,2,ADRIAN,CLARY,ADRIAN.CLARY@sakilacustomer.org,531,true,2006-02-14T22:04:37.000+05:30,2006-02-15T04:57:20.000+05:30
526,2,KARL,SEAL,KARL.SEAL@sakilacustomer.org,532,true,2006-02-14T22:04:37.000+05:30,2006-02-15T04:57:20.000+05:30
527,1,CORY,MEEHAN,CORY.MEEHAN@sakilacustomer.org,533,true,2006-02-14T22:04:37.000+05:30,2006-02-15T04:57:20.000+05:30
528,1,CLAUDE,HERZOG,CLAUDE.HERZOG@sakilacustomer.org,534,true,2006-02-14T22:04:37.000+05:30,2006-02-15T04:57:20.000+05:30
529,2,ERIK,GUILLEN,ERIK.GUILLEN@sakilacustomer.org,535,true,2006-02-14T22:04:37.000+05:30,2006-02-15T04:57:20.000+05:30
530,2,DARRYL,ASHCRAFT,DARRYL.ASHCRAFT@sakilacustomer.org,536,true,2006-02-14T22:04:37.000+05:30,2006-02-15T04:57:20.000+05:30
531,2,JAMIE,WAUGH,JAMIE.WAUGH@sakilacustomer.org,537,true,2006-02-14T22:04:37.000+05:30,2006-02-15T04:57:20.000+05:30
532,2,NEIL,RENNER,NEIL.RENNER@sakilacustomer.org,538,true,2006-02-14T22:04:37.000+05:30,2006-02-15T04:57:20.000+05:30
533,1,JESSIE,MILAM,JESSIE.MILAM@sakilacustomer.org,539,true,2006-02-14T22:04:37.000+05:30,2006-02-15T04:57:20.000+05:30
534,1,CHRISTIAN,JUNG,CHRISTIAN.JUNG@sakilacustomer.org,540,false,2006-02-14T22:04:37.000+05:30,2006-02-15T04:57:20.000+05:30
535,1,JAVIER,ELROD,JAVIER.ELROD@sakilacustomer.org,541,true,2006-02-14T22:04:37.000+05:30,2006-02-15T04:57:20.000+05:30
536,2,FERNANDO,CHURCHILL,FERNANDO.CHURCHILL@sakilacustomer.org,542,true,2006-02-14T22:04:37.000+05:30,2006-02-15T04:57:20.000+05:30
537,2,CLINTON,BUFORD,CLINTON.BUFORD@sakilacustomer.org,543,true,2006-02-14T22:04:37.000+05:30,2006-02-15T04:57:20.000+05:30
538,2,TED,BREAUX,TED.BREAUX@sakilacustomer.org,544,true,2006-02-14T22:04:37.000+05:30,2006-02-15T04:57:20.000+05:30
539,1,MATHEW,BOLIN,MATHEW.BOLIN@sakilacustomer.org,545,true,2006-02-14T22:04:37.000+05:30,2006-02-15T04:57:20.000+05:30
540,1,TYRONE,ASHER,TYRONE.ASHER@sakilacustomer.org,546,true,2006-02-14T22:04:37.000+05:30,2006-02-15T04:57:20.000+05:30
541,2,DARREN,WINDHAM,DARREN.WINDHAM@sakilacustomer.org,547,true,2006-02-14T22:04:37.000+05:30,2006-02-15T04:57:20.000+05:30
542,2,LONNIE,TIRADO,LONNIE.TIRADO@sakilacustomer.org,548,true,2006-02-14T22:04:37.000+05:30,2006-02-15T04:57:20.000+05:30
543,1,LANCE,PEMBERTON,LANCE.PEMBERTON@sakilacustomer.org,549,true,2006-02-14T22:04:37.000+05:30,2006-02-15T04:57:20.000+05:30
544,2,CODY,NOLEN,CODY.NOLEN@sakilacustomer.org,550,true,2006-02-14T22:04:37.000+05:30,2006-02-15T04:57:20.000+05:30
545,2,JULIO,NOLAND,JULIO.NOLAND@sakilacustomer.org,551,true,2006-02-14T22:04:37.000+05:30,2006-02-15T04:57:20.000+05:30
546,1,KELLY,KNOTT,KELLY.KNOTT@sakilacustomer.org,552,true,2006-02-14T22:04:37.000+05:30,2006-02-15T04:57:20.000+05:30
547,1,KURT,EMMONS,KURT.EMMONS@sakilacustomer.org,553,true,2006-02-14T22:04:37.000+05:30,2006-02-15T04:57:20.000+05:30
548,1,ALLAN,CORNISH,ALLAN.CORNISH@sakilacustomer.org,554,true,2006-02-14T22:04:37.000+05:30,2006-02-15T04:57:20.000+05:30
549,1,NELSON,CHRISTENSON,NELSON.CHRISTENSON@sakilacustomer.org,555,true,2006-02-14T22:04:37.000+05:30,2006-02-15T04:57:20.000+05:30
550,2,GUY,BROWNLEE,GUY.BROWNLEE@sakilacustomer.org,556,true,2006-02-14T22:04:37.000+05:30,2006-02-15T04:57:20.000+05:30
551,2,CLAYTON,BARBEE,CLAYTON.BARBEE@sakilacustomer.org,557,true,2006-02-14T22:04:37.000+05:30,2006-02-15T04:57:20.000+05:30
552,2,HUGH,WALDROP,HUGH.WALDROP@sakilacustomer.org,558,true,2006-02-14T22:04:37.000+05:30,2006-02-15T04:57:20.000+05:30
553,1,MAX,PITT,MAX.PITT@sakilacustomer.org,559,true,2006-02-14T22:04:37.000+05:30,2006-02-15T04:57:20.000+05:30
554,1,DWAYNE,OLVERA,DWAYNE.OLVERA@sakilacustomer.org,560,true,2006-02-14T22:04:37.000+05:30,2006-02-15T04:57:20.000+05:30
555,1,DWIGHT,LOMBARDI,DWIGHT.LOMBARDI@sakilacustomer.org,561,true,2006-02-14T22:04:37.000+05:30,2006-02-15T04:57:20.000+05:30
556,2,ARMANDO,GRUBER,ARMANDO.GRUBER@sakilacustomer.org,562,true,2006-02-14T22:04:37.000+05:30,2006-02-15T04:57:20.000+05:30
557,1,FELIX,GAFFNEY,FELIX.GAFFNEY@sakilacustomer.org,563,true,2006-02-14T22:04:37.000+05:30,2006-02-15T04:57:20.000+05:30
558,1,JIMMIE,EGGLESTON,JIMMIE.EGGLESTON@sakilacustomer.org,564,false,2006-02-14T22:04:37.000+05:30,2006-02-15T04:57:20.000+05:30
559,2,EVERETT,BANDA,EVERETT.BANDA@sakilacustomer.org,565,true,2006-02-14T22:04:37.000+05:30,2006-02-15T04:57:20.000+05:30
560,1,JORDAN,ARCHULETA,JORDAN.ARCHULETA@sakilacustomer.org,566,true,2006-02-14T22:04:37.000+05:30,2006-02-15T04:57:20.000+05:30
561,2,IAN,STILL,IAN.STILL@sakilacustomer.org,567,true,2006-02-14T22:04:37.000+05:30,2006-02-15T04:57:20.000+05:30
562,1,WALLACE,SLONE,WALLACE.SLONE@sakilacustomer.org,568,true,2006-02-14T22:04:37.000+05:30,2006-02-15T04:57:20.000+05:30
563,2,KEN,PREWITT,KEN.PREWITT@sakilacustomer.org,569,true,2006-02-14T22:04:37.000+05:30,2006-02-15T04:57:20.000+05:30
564,2,BOB,PFEIFFER,BOB.PFEIFFER@sakilacustomer.org,570,true,2006-02-14T22:04:37.000+05:30,2006-02-15T04:57:20.000+05:30
565,2,JAIME,NETTLES,JAIME.NETTLES@sakilacustomer.org,571,true,2006-02-14T22:04:37.000+05:30,2006-02-15T04:57:20.000+05:30
566,1,CASEY,MENA,CASEY.MENA@sakilacustomer.org,572,true,2006-02-14T22:04:37.000+05:30,2006-02-15T04:57:20.000+05:30
567,2,ALFREDO,MCADAMS,ALFREDO.MCADAMS@sakilacustomer.org,573,true,2006-02-14T22:04:37.000+05:30,2006-02-15T04:57:20.000+05:30
568,2,ALBERTO,HENNING,ALBERTO.HENNING@sakilacustomer.org,574,true,2006-02-14T22:04:37.000+05:30,2006-02-15T04:57:20.000+05:30
569,2,DAVE,GARDINER,DAVE.GARDINER@sakilacustomer.org,575,true,2006-02-14T22:04:37.000+05:30,2006-02-15T04:57:20.000+05:30
570,2,IVAN,CROMWELL,IVAN.CROMWELL@sakilacustomer.org,576,true,2006-02-14T22:04:37.000+05:30,2006-02-15T04:57:20.000+05:30
571,2,JOHNNIE,CHISHOLM,JOHNNIE.CHISHOLM@sakilacustomer.org,577,true,2006-02-14T22:04:37.000+05:30,2006-02-15T04:57:20.000+05:30
572,1,SIDNEY,BURLESON,SIDNEY.BURLESON@sakilacustomer.org,578,true,2006-02-14T22:04:37.000+05:30,2006-02-15T04:57:20.000+05:30
573,1,BYRON,BOX,BYRON.BOX@sakilacustomer.org,579,true,2006-02-14T22:04:37.000+05:30,2006-02-15T04:57:20.000+05:30
574,2,JULIAN,VEST,JULIAN.VEST@sakilacustomer.org,580,true,2006-02-14T22:04:37.000+05:30,2006-02-15T04:57:20.000+05:30
575,2,ISAAC,OGLESBY,ISAAC.OGLESBY@sakilacustomer.org,581,true,2006-02-14T22:04:37.000+05:30,2006-02-15T04:57:20.000+05:30
576,2,MORRIS,MCCARTER,MORRIS.MCCARTER@sakilacustomer.org,582,true,2006-02-14T22:04:37.000+05:30,2006-02-15T04:57:20.000+05:30
577,2,CLIFTON,MALCOLM,CLIFTON.MALCOLM@sakilacustomer.org,583,true,2006-02-14T22:04:37.000+05:30,2006-02-15T04:57:20.000+05:30
578,2,WILLARD,LUMPKIN,WILLARD.LUMPKIN@sakilacustomer.org,584,true,2006-02-14T22:04:37.000+05:30,2006-02-15T04:57:20.000+05:30
579,2,DARYL,LARUE,DARYL.LARUE@sakilacustomer.org,585,true,2006-02-14T22:04:37.000+05:30,2006-02-15T04:57:20.000+05:30
580,1,ROSS,GREY,ROSS.GREY@sakilacustomer.org,586,true,2006-02-14T22:04:37.000+05:30,2006-02-15T04:57:20.000+05:30
581,1,VIRGIL,WOFFORD,VIRGIL.WOFFORD@sakilacustomer.org,587,true,2006-02-14T22:04:37.000+05:30,2006-02-15T04:57:20.000+05:30
582,2,ANDY,VANHORN,ANDY.VANHORN@sakilacustomer.org,588,true,2006-02-14T22:04:37.000+05:30,2006-02-15T04:57:20.000+05:30
583,1,MARSHALL,THORN,MARSHALL.THORN@sakilacustomer.org,589,true,2006-02-14T22:04:37.000+05:30,2006-02-15T04:57:20.000+05:30
584,2,SALVADOR,TEEL,SALVADOR.TEEL@sakilacustomer.org,590,true,2006-02-14T22:04:37.000+05:30,2006-02-15T04:57:20.000+05:30
585,1,PERRY,SWAFFORD,PERRY.SWAFFORD@sakilacustomer.org,591,true,2006-02-14T22:04:37.000+05:30,2006-02-15T04:57:20.000+05:30
586,1,KIRK,STCLAIR,KIRK.STCLAIR@sakilacustomer.org,592,true,2006-02-14T22:04:37.000+05:30,2006-02-15T04:57:20.000+05:30
587,1,SERGIO,STANFIELD,SERGIO.STANFIELD@sakilacustomer.org,593,true,2006-02-14T22:04:37.000+05:30,2006-02-15T04:57:20.000+05:30
588,1,MARION,OCAMPO,MARION.OCAMPO@sakilacustomer.org,594,true,2006-02-14T22:04:37.000+05:30,2006-02-15T04:57:20.000+05:30
589,1,TRACY,HERRMANN,TRACY.HERRMANN@sakilacustomer.org,595,true,2006-02-14T22:04:37.000+05:30,2006-02-15T04:57:20.000+05:30
590,2,SETH,HANNON,SETH.HANNON@sakilacustomer.org,596,true,2006-02-14T22:04:37.000+05:30,2006-02-15T04:57:20.000+05:30
591,1,KENT,ARSENAULT,KENT.ARSENAULT@sakilacustomer.org,597,true,2006-02-14T22:04:37.000+05:30,2006-02-15T04:57:20.000+05:30
592,1,TERRANCE,ROUSH,TERRANCE.ROUSH@sakilacustomer.org,598,false,2006-02-14T22:04:37.000+05:30,2006-02-15T04:57:20.000+05:30
593,2,RENE,MCALISTER,RENE.MCALISTER@sakilacustomer.org,599,true,2006-02-14T22:04:37.000+05:30,2006-02-15T04:57:20.000+05:30
594,1,EDUARDO,HIATT,EDUARDO.HIATT@sakilacustomer.org,600,true,2006-02-14T22:04:37.000+05:30,2006-02-15T04:57:20.000+05:30
595,1,TERRENCE,GUNDERSON,TERRENCE.GUNDERSON@sakilacustomer.org,601,true,2006-02-14T22:04:37.000+05:30,2006-02-15T04:57:20.000+05:30
596,1,ENRIQUE,FORSYTHE,ENRIQUE.FORSYTHE@sakilacustomer.org,602,true,2006-02-14T22:04:37.000+05:30,2006-02-15T04:57:20.000+05:30
597,1,FREDDIE,DUGGAN,FREDDIE.DUGGAN@sakilacustomer.org,603,true,2006-02-14T22:04:37.000+05:30,2006-02-15T04:57:20.000+05:30
598,1,WADE,DELVALLE,WADE.DELVALLE@sakilacustomer.org,604,true,2006-02-14T22:04:37.000+05:30,2006-02-15T04:57:20.000+05:30
599,2,AUSTIN,CINTRON,AUSTIN.CINTRON@sakilacustomer.org,605,true,2006-02-14T22:04:37.000+05:30,2006-02-15T04:57:20.000+05:30
